num,devicetime,id_an,latitude,longitude,name,phone,servertime,speed,status,date,time,time_stop,info,Landmark,hari
1,2018-03-07T06:00:11.000Z,12,-6.891576667,107.5628467,24 | D1904DB,,2018-03-07T06:00:15.346Z,9.179269,Driving,2018-03-07,06:00:15,0:00:00,-,,Rabu
1,2018-03-07T06:03:52.000Z,12,-6.895768333,107.56021,24 | D1904DB,,2018-03-07T06:03:58.917Z,8.099355,Driving,2018-03-07,06:03:58,0:00:00,-,,Rabu
1,2018-03-07T06:05:22.000Z,12,-6.896708333,107.5597933,24 | D1904DB,,2018-03-07T06:05:27.174Z,5.939527,Driving,2018-03-07,06:05:27,0:00:00,-,,Rabu
1,2018-03-07T06:06:42.178Z,12,-6.896708333,107.5597933,24 | D1904DB,,2018-03-07T06:06:42.178Z,5.939527,Driving,2018-03-07,06:06:42,0:00:00,-,,Rabu
1,2018-03-07T06:07:02.000Z,12,-6.897763333,107.55635,24 | D1904DB,,2018-03-07T06:07:05.997Z,7.019441,Driving,2018-03-07,06:07:05,0:00:00,-,,Rabu
1,2018-03-07T06:09:42.520Z,12,-6.897763333,107.55635,24 | D1904DB,,2018-03-07T06:09:42.520Z,7.019441,Driving,2018-03-07,06:09:42,0:00:00,-,,Rabu
1,2018-03-07T06:12:43.401Z,12,-6.897763333,107.55635,24 | D1904DB,,2018-03-07T06:12:43.401Z,7.019441,Driving,2018-03-07,06:12:43,0:00:00,-,,Rabu
1,2018-03-07T06:08:42.000Z,12,-6.897756667,107.5560183,24 | D1904DB,,2018-03-07T06:15:29.768Z,4.319656,Driving,2018-03-07,06:15:29,0:00:00,-,,Rabu
1,2018-03-07T06:15:45.577Z,12,-6.897756667,107.5560183,24 | D1904DB,,2018-03-07T06:15:45.577Z,4.319656,Driving,2018-03-07,06:15:45,0:00:00,-,,Rabu
1,2018-03-07T06:18:52.457Z,12,-6.897756667,107.5560183,24 | D1904DB,,2018-03-07T06:18:52.457Z,4.319656,Driving,2018-03-07,06:18:52,0:00:00,-,,Rabu
1,2018-03-07T06:21:52.937Z,12,-6.897756667,107.5560183,24 | D1904DB,,2018-03-07T06:21:52.937Z,4.319656,Driving,2018-03-07,06:21:52,0:00:00,-,,Rabu
1,2018-03-07T06:23:41.000Z,12,-6.897756667,107.5560183,24 | D1904DB,,2018-03-07T06:23:45.076Z,0,Stop,2018-03-07,06:23:45,0:01:09,Ngetem,"Bus Stop, Restaurant, Toko",Rabu
1,2018-03-07T06:24:54.437Z,12,-6.897756667,107.5560183,24 | D1904DB,,2018-03-07T06:24:54.437Z,0,Stop,2018-03-07,06:24:54,0:03:01,Macet,"Bus Stop, Restaurant, Toko",Rabu
1,2018-03-07T06:27:55.893Z,12,-6.897756667,107.5560183,24 | D1904DB,,2018-03-07T06:27:55.893Z,0,Stop,2018-03-07,06:27:55,0:03:01,Macet,"Bus Stop, Restaurant, Toko",Rabu
1,2018-03-07T06:30:56.691Z,12,-6.897756667,107.5560183,24 | D1904DB,,2018-03-07T06:30:56.691Z,0,Stop,2018-03-07,06:30:56,0:01:10,Ngetem,"Bus Stop, Restaurant, Toko",Rabu
1,2018-03-07T06:32:01.000Z,12,-6.897756667,107.5560183,24 | D1904DB,,2018-03-07T06:32:06.452Z,0,Stop,2018-03-07,06:32:06,0:01:51,Ngetem,"Bus Stop, Restaurant, Toko",Rabu
1,2018-03-07T06:33:57.590Z,12,-6.897756667,107.5560183,24 | D1904DB,,2018-03-07T06:33:57.590Z,0,Stop,2018-03-07,06:33:57,0:03:01,Macet,"Bus Stop, Restaurant, Toko",Rabu
1,2018-03-07T06:36:58.891Z,12,-6.897756667,107.5560183,24 | D1904DB,,2018-03-07T06:36:58.891Z,0,Stop,2018-03-07,06:36:58,0:03:06,Macet,"Bus Stop, Restaurant, Toko",Rabu
1,2018-03-07T06:40:04.751Z,12,-6.897756667,107.5560183,24 | D1904DB,,2018-03-07T06:40:04.751Z,0,Stop,2018-03-07,06:40:04,0:00:22,Menurunkan Penumpang,,Rabu
1,2018-03-07T06:40:20.000Z,12,-6.897756667,107.5560183,24 | D1904DB,,2018-03-07T06:40:26.591Z,0,Stop,2018-03-07,06:40:26,0:02:40,Ngetem,"Bus Stop, Restaurant, Toko",Rabu
1,2018-03-07T06:43:06.228Z,12,-6.897756667,107.5560183,24 | D1904DB,,2018-03-07T06:43:06.228Z,0,Stop,2018-03-07,06:43:06,0:03:00,Ngetem,"Bus Stop, Restaurant, Toko",Rabu
1,2018-03-07T06:46:06.867Z,12,-6.897756667,107.5560183,24 | D1904DB,,2018-03-07T06:46:06.867Z,0,Stop,2018-03-07,06:46:06,0:02:37,Ngetem,"Bus Stop, Restaurant, Toko",Rabu
1,2018-03-07T06:48:40.000Z,12,-6.897756667,107.5560183,24 | D1904DB,,2018-03-07T06:48:43.029Z,0,Stop,2018-03-07,06:48:43,0:00:25,Menurunkan Penumpang,,Rabu
1,2018-03-07T06:49:08.025Z,12,-6.897756667,107.5560183,24 | D1904DB,,2018-03-07T06:49:08.025Z,0,Stop,2018-03-07,06:49:08,0:03:00,Ngetem,"Bus Stop, Restaurant, Toko",Rabu
1,2018-03-07T06:52:08.646Z,12,-6.897756667,107.5560183,24 | D1904DB,,2018-03-07T06:52:08.646Z,0,Stop,2018-03-07,06:52:08,0:03:01,Macet,"Bus Stop, Restaurant, Toko",Rabu
1,2018-03-07T06:55:09.205Z,12,-6.897756667,107.5560183,24 | D1904DB,,2018-03-07T06:55:09.205Z,0,Stop,2018-03-07,06:55:09,0:01:53,Ngetem,"Bus Stop, Restaurant, Toko",Rabu
1,2018-03-07T06:56:59.000Z,12,-6.897756667,107.5560183,24 | D1904DB,,2018-03-07T06:57:02.422Z,0,Stop,2018-03-07,06:57:02,0:01:07,Ngetem,"Bus Stop, Restaurant, Toko",Rabu
1,2018-03-07T06:58:09.822Z,12,-6.897756667,107.5560183,24 | D1904DB,,2018-03-07T06:58:09.822Z,0,Stop,2018-03-07,06:58:09,0:03:01,Macet,"Bus Stop, Restaurant, Toko",Rabu
1,2018-03-07T07:01:10.804Z,12,-6.897756667,107.5560183,24 | D1904DB,,2018-03-07T07:01:10.804Z,0,Stop,2018-03-07,07:01:10,0:03:02,Macet,"Bus Stop, Restaurant, Toko",Rabu
1,2018-03-07T07:04:12.303Z,12,-6.897756667,107.5560183,24 | D1904DB,,2018-03-07T07:04:12.303Z,0,Stop,2018-03-07,07:04:12,0:03:01,Ngetem,"Bus Stop, Restaurant, Toko",Rabu
1,2018-03-07T07:07:13.981Z,12,-6.897756667,107.5560183,24 | D1904DB,,2018-03-07T07:07:13.981Z,0,Stop,2018-03-07,07:07:13,0:03:02,Macet,"Bus Stop, Restaurant, Toko",Rabu
1,2018-03-07T07:10:15.781Z,12,-6.897756667,107.5560183,24 | D1904DB,,2018-03-07T07:10:15.781Z,0,Stop,2018-03-07,07:10:15,0:03:01,Ngetem,"Bus Stop, Restaurant, Toko",Rabu
1,2018-03-07T07:13:16.680Z,12,-6.897756667,107.5560183,24 | D1904DB,,2018-03-07T07:13:16.680Z,0,Stop,2018-03-07,07:13:16,0:00:26,Menurunkan Penumpang,,Rabu
1,2018-03-07T07:13:39.000Z,12,-6.897756667,107.5560183,24 | D1904DB,,2018-03-07T07:13:42.918Z,0,Stop,2018-03-07,07:13:42,0:02:36,Ngetem,"Bus Stop, Restaurant, Toko",Rabu
1,2018-03-07T07:16:18.539Z,12,-6.897756667,107.5560183,24 | D1904DB,,2018-03-07T07:16:18.539Z,0,Stop,2018-03-07,07:16:18,0:03:00,Ngetem,"Bus Stop, Restaurant, Toko",Rabu
1,2018-03-07T07:19:18.977Z,12,-6.897756667,107.5560183,24 | D1904DB,,2018-03-07T07:19:18.977Z,0,Stop,2018-03-07,07:19:18,0:02:42,Ngetem,"Bus Stop, Restaurant, Toko",Rabu
1,2018-03-07T07:21:58.000Z,12,-6.897756667,107.5560183,24 | D1904DB,,2018-03-07T07:22:00.857Z,0,Stop,2018-03-07,07:22:00,0:00:20,Menurunkan Penumpang,,Rabu
1,2018-03-07T07:22:20.074Z,12,-6.897756667,107.5560183,24 | D1904DB,,2018-03-07T07:22:20.074Z,0,Stop,2018-03-07,07:22:20,0:03:00,Ngetem,"Bus Stop, Restaurant, Toko",Rabu
1,2018-03-07T07:25:20.493Z,12,-6.897756667,107.5560183,24 | D1904DB,,2018-03-07T07:25:20.493Z,0,Stop,2018-03-07,07:25:20,0:03:00,Ngetem,"Bus Stop, Restaurant, Toko",Rabu
1,2018-03-07T07:28:20.713Z,12,-6.897756667,107.5560183,24 | D1904DB,,2018-03-07T07:28:20.713Z,0,Stop,2018-03-07,07:28:20,0:02:01,Ngetem,"Bus Stop, Restaurant, Toko",Rabu
1,2018-03-07T07:30:18.000Z,12,-6.897756667,107.5560183,24 | D1904DB,,2018-03-07T07:30:21.475Z,0,Stop,2018-03-07,07:30:21,0:01:00,Menurunkan Penumpang,,Rabu
1,2018-03-07T07:31:21.613Z,12,-6.897756667,107.5560183,24 | D1904DB,,2018-03-07T07:31:21.613Z,0,Stop,2018-03-07,07:31:21,0:03:01,Macet,"Bus Stop, Restaurant, Toko",Rabu
1,2018-03-07T07:34:22.793Z,12,-6.897756667,107.5560183,24 | D1904DB,,2018-03-07T07:34:22.793Z,0,Stop,2018-03-07,07:34:22,0:03:02,Macet,"Bus Stop, Restaurant, Toko",Rabu
1,2018-03-07T07:37:24.191Z,12,-6.897756667,107.5560183,24 | D1904DB,,2018-03-07T07:37:24.191Z,0,Stop,2018-03-07,07:37:24,0:01:17,Ngetem,"Bus Stop, Restaurant, Toko",Rabu
1,2018-03-07T07:38:37.000Z,12,-6.897756667,107.5560183,24 | D1904DB,,2018-03-07T07:38:41.110Z,0,Stop,2018-03-07,07:38:41,0:01:44,Ngetem,"Bus Stop, Restaurant, Toko",Rabu
1,2018-03-07T07:40:25.071Z,12,-6.897756667,107.5560183,24 | D1904DB,,2018-03-07T07:40:25.071Z,0,Stop,2018-03-07,07:40:25,0:03:00,Ngetem,"Bus Stop, Restaurant, Toko",Rabu
1,2018-03-07T07:43:25.971Z,12,-6.897756667,107.5560183,24 | D1904DB,,2018-03-07T07:43:25.971Z,0,Stop,2018-03-07,07:43:25,0:03:03,Macet,"Bus Stop, Restaurant, Toko",Rabu
1,2018-03-07T07:46:28.129Z,12,-6.897756667,107.5560183,24 | D1904DB,,2018-03-07T07:46:28.129Z,0,Stop,2018-03-07,07:46:28,0:00:34,Menurunkan Penumpang,,Rabu
1,2018-03-07T07:46:57.000Z,12,-6.897756667,107.5560183,24 | D1904DB,,2018-03-07T07:47:02.666Z,0,Stop,2018-03-07,07:47:02,0:02:26,Ngetem,"Bus Stop, Restaurant, Toko",Rabu
1,2018-03-07T07:49:28.508Z,12,-6.897756667,107.5560183,24 | D1904DB,,2018-03-07T07:49:28.508Z,0,Stop,2018-03-07,07:49:28,0:03:01,Ngetem,"Bus Stop, Restaurant, Toko",Rabu
1,2018-03-07T07:52:29.686Z,12,-6.897756667,107.5560183,24 | D1904DB,,2018-03-07T07:52:29.686Z,0,Stop,2018-03-07,07:52:29,0:02:52,Ngetem,"Bus Stop, Restaurant, Toko",Rabu
1,2018-03-07T07:55:17.000Z,12,-6.897756667,107.5560183,24 | D1904DB,,2018-03-07T07:55:21.624Z,0,Stop,2018-03-07,07:55:21,0:00:10,Menurunkan Penumpang,,Rabu
1,2018-03-07T07:55:31.607Z,12,-6.897756667,107.5560183,24 | D1904DB,,2018-03-07T07:55:31.607Z,0,Stop,2018-03-07,07:55:31,0:01:28,Ngetem,"Bus Stop, Restaurant, Toko",Rabu
1,2018-03-07T07:56:52.000Z,12,-6.896466667,107.5603311,24 | D1904DB,,2018-03-07T07:56:59.842Z,6.479484,Driving,2018-03-07,07:56:59,0:00:00,-,,Rabu
1,2018-03-07T07:58:32.406Z,12,-6.896466667,107.5603311,24 | D1904DB,,2018-03-07T07:58:32.406Z,6.479484,Driving,2018-03-07,07:58:32,0:00:00,-,,Rabu
1,2018-03-07T07:58:44.000Z,12,-6.895235,107.5601917,24 | D1904DB,,2018-03-07T07:59:09.089Z,5.939527,Driving,2018-03-07,07:59:09,0:00:00,-,,Rabu
1,2018-03-07T08:00:06.000Z,12,-6.893465,107.5617978,24 | D1904DB,,2018-03-07T08:00:09.444Z,7.019441,Driving,2018-03-07,08:00:09,0:00:00,-,,Rabu
1,2018-03-07T08:03:01.794Z,12,-6.89039,107.5635733,24 | D1904DB,,2018-03-07T08:03:01.794Z,15.118796,Driving,2018-03-07,08:03:01,0:00:00,-,,Rabu
1,2018-03-07T08:03:16.000Z,12,-6.888153333,107.5669033,24 | D1904DB,,2018-03-07T08:03:20.993Z,1.079914,Driving,2018-03-07,08:03:20,0:00:00,-,,Rabu
1,2018-03-07T08:04:50.000Z,12,-6.888811667,107.5702717,24 | D1904DB,,2018-03-07T08:04:53.612Z,9.179269,Driving,2018-03-07,08:04:53,0:00:00,-,,Rabu
1,2018-03-07T08:07:26.000Z,12,-6.887693333,107.5718133,24 | D1904DB,,2018-03-07T08:07:29.999Z,2.699785,Driving,2018-03-07,08:07:29,0:00:00,-,,Rabu
1,2018-03-07T08:07:51.571Z,12,-6.887693333,107.5718133,24 | D1904DB,,2018-03-07T08:07:51.571Z,2.699785,Driving,2018-03-07,08:07:51,0:00:00,-,,Rabu
1,2018-03-07T08:10:06.000Z,12,-6.8894,107.5710767,24 | D1904DB,,2018-03-07T08:10:09.167Z,11.339097,Driving,2018-03-07,08:10:09,0:00:00,-,,Rabu
1,2018-03-07T08:10:55.651Z,12,-6.8894,107.5710767,24 | D1904DB,,2018-03-07T08:10:55.651Z,11.339097,Driving,2018-03-07,08:10:55,0:00:00,-,,Rabu
1,2018-03-07T08:11:46.000Z,12,-6.88767,107.567185,24 | D1904DB,,2018-03-07T08:11:49.538Z,3.239742,Driving,2018-03-07,08:11:49,0:00:00,-,,Rabu
1,2018-03-07T08:14:42.935Z,12,-6.88767,107.567185,24 | D1904DB,,2018-03-07T08:14:42.935Z,3.239742,Driving,2018-03-07,08:14:42,0:00:00,-,,Rabu
1,2018-03-07T08:17:43.774Z,12,-6.88767,107.567185,24 | D1904DB,,2018-03-07T08:17:43.774Z,3.239742,Driving,2018-03-07,08:17:43,0:00:00,-,,Rabu
1,2018-03-07T08:17:36.000Z,12,-6.889311111,107.5671017,24 | D1904DB,,2018-03-07T08:20:08.485Z,0,Stop,2018-03-07,08:20:08,0:08:15,Macet,"Bus Stop, Restaurant, Toko",Rabu
1,2018-03-07T08:28:23.413Z,12,-6.889311111,107.5671017,24 | D1904DB,,2018-03-07T08:28:23.413Z,0,Stop,2018-03-07,08:28:23,0:00:04,Menurunkan Penumpang,,Rabu
1,2018-03-07T08:28:25.000Z,12,-6.889311111,107.5671017,24 | D1904DB,,2018-03-07T08:28:27.372Z,0,Stop,2018-03-07,08:28:27,0:08:20,Macet,"Bus Stop, Restaurant, Toko",Rabu
1,2018-03-07T08:36:34.000Z,12,-6.88942,107.5680383,24 | D1904DB,,2018-03-07T08:36:47.191Z,0,Stop,2018-03-07,08:36:47,0:02:46,Ngetem,Restaurant,Rabu
1,2018-03-07T08:39:23.000Z,12,-6.890621667,107.57215,24 | D1904DB,,2018-03-07T08:39:33.140Z,12.419011,Driving,2018-03-07,08:39:33,0:00:00,-,,Rabu
1,2018-03-07T08:40:49.000Z,12,-6.893733333,107.5743867,24 | D1904DB,,2018-03-07T08:40:53.219Z,10.79914,Driving,2018-03-07,08:40:53,0:00:00,-,,Rabu
1,2018-03-07T08:42:31.585Z,12,-6.893733333,107.5743867,24 | D1904DB,,2018-03-07T08:42:31.585Z,10.79914,Driving,2018-03-07,08:42:31,0:00:00,-,,Rabu
1,2018-03-07T08:42:53.000Z,12,-6.891116667,107.576375,24 | D1904DB,,2018-03-07T08:42:57.170Z,2.699785,Driving,2018-03-07,08:42:57,0:00:00,-,,Rabu
1,2018-03-07T08:45:31.443Z,12,-6.891116667,107.576375,24 | D1904DB,,2018-03-07T08:45:31.443Z,2.699785,Driving,2018-03-07,08:45:31,0:00:00,-,,Rabu
1,2018-03-07T08:46:31.000Z,12,-6.892318333,107.5808717,24 | D1904DB,,2018-03-07T08:46:48.120Z,1.619871,Driving,2018-03-07,08:46:48,0:00:00,-,,Rabu
1,2018-03-07T08:48:23.000Z,12,-6.892181667,107.5835094,24 | D1904DB,,2018-03-07T08:48:26.770Z,7.019441,Driving,2018-03-07,08:48:26,0:00:00,-,,Rabu
1,2018-03-07T08:49:53.040Z,12,-6.892181667,107.5835094,24 | D1904DB,,2018-03-07T08:49:53.040Z,7.019441,Driving,2018-03-07,08:49:53,0:00:00,-,,Rabu
1,2018-03-07T08:50:13.000Z,12,-6.894408333,107.58779,24 | D1904DB,,2018-03-07T08:50:17.819Z,11.879054,Driving,2018-03-07,08:50:17,0:00:00,-,,Rabu
1,2018-03-07T08:52:03.000Z,12,-6.896725,107.5914311,24 | D1904DB,,2018-03-07T08:52:06.815Z,7.019441,Driving,2018-03-07,08:52:06,0:00:00,-,,Rabu
1,2018-03-07T08:52:53.149Z,12,-6.896725,107.5914311,24 | D1904DB,,2018-03-07T08:52:53.149Z,7.019441,Driving,2018-03-07,08:52:53,0:00:00,-,,Rabu
1,2018-03-07T08:54:23.000Z,12,-6.899853333,107.5956683,24 | D1904DB,,2018-03-07T08:54:26.516Z,4.319656,Driving,2018-03-07,08:54:26,0:00:00,-,,Rabu
1,2018-03-07T08:55:52.928Z,12,-6.899853333,107.5956683,24 | D1904DB,,2018-03-07T08:55:52.928Z,4.319656,Driving,2018-03-07,08:55:52,0:00:00,-,,Rabu
1,2018-03-07T08:56:49.000Z,12,-6.900289444,107.59844,24 | D1904DB,,2018-03-07T08:56:54.442Z,6.479484,Driving,2018-03-07,08:56:54,0:00:00,-,,Rabu
1,2018-03-07T08:58:20.000Z,12,-6.903813333,107.6015044,24 | D1904DB,,2018-03-07T08:58:25.118Z,14.578839,Driving,2018-03-07,08:58:25,0:00:00,-,,Rabu
1,2018-03-07T08:59:42.000Z,12,-6.904866667,107.6071933,24 | D1904DB,,2018-03-07T08:59:46.250Z,17.278624,Driving,2018-03-07,08:59:46,0:00:00,-,,Rabu
1,2018-03-07T09:01:14.641Z,12,-6.904866667,107.6071933,24 | D1904DB,,2018-03-07T09:01:14.641Z,17.278624,Driving,2018-03-07,09:01:14,0:00:00,-,,Rabu
1,2018-03-07T09:04:14.460Z,12,-6.904866667,107.6071933,24 | D1904DB,,2018-03-07T09:04:14.460Z,17.278624,Driving,2018-03-07,09:04:14,0:00:00,-,,Rabu
1,2018-03-07T09:07:14.316Z,12,-6.904866667,107.6071933,24 | D1904DB,,2018-03-07T09:07:14.316Z,17.278624,Driving,2018-03-07,09:07:14,0:00:00,-,,Rabu
1,2018-03-07T09:00:42.000Z,12,-6.907518333,107.6070717,24 | D1904DB,,2018-03-07T09:08:06.105Z,0,Stop,2018-03-07,09:08:06,0:02:08,Ngetem,Restaurant,Rabu
1,2018-03-07T09:10:14.194Z,12,-6.907518333,107.6070717,24 | D1904DB,,2018-03-07T09:10:14.194Z,0,Stop,2018-03-07,09:10:14,0:02:01,Ngetem,Restaurant,Rabu
1,2018-03-07T09:12:12.000Z,12,-6.905358333,107.6043394,24 | D1904DB,,2018-03-07T09:12:15.390Z,11.879054,Driving,2018-03-07,09:12:15,0:00:00,-,,Rabu
1,2018-03-07T09:13:14.077Z,12,-6.905358333,107.6043394,24 | D1904DB,,2018-03-07T09:13:14.077Z,11.879054,Driving,2018-03-07,09:13:14,0:00:00,-,,Rabu
1,2018-03-07T09:16:13.875Z,12,-6.905358333,107.6043394,24 | D1904DB,,2018-03-07T09:16:13.875Z,11.879054,Driving,2018-03-07,09:16:13,0:00:00,-,,Rabu
1,2018-03-07T09:19:13.715Z,12,-6.905358333,107.6043394,24 | D1904DB,,2018-03-07T09:19:13.715Z,11.879054,Driving,2018-03-07,09:19:13,0:00:00,-,,Rabu
1,2018-03-07T09:20:31.000Z,12,-6.904416667,107.6031944,24 | D1904DB,,2018-03-07T09:20:44.763Z,7.019441,Driving,2018-03-07,09:20:44,0:00:00,-,,Rabu
1,2018-03-07T09:22:11.000Z,12,-6.903211111,107.6007044,24 | D1904DB,,2018-03-07T09:22:18.792Z,15.658753,Driving,2018-03-07,09:22:18,0:00:00,-,,Rabu
1,2018-03-07T09:29:31.000Z,12,-6.900701667,107.5982467,24 | D1904DB,,2018-03-07T09:29:41.639Z,1.619871,Driving,2018-03-07,09:29:41,0:00:00,-,,Rabu
1,2018-03-07T09:32:31.000Z,12,-6.898185,107.5931533,24 | D1904DB,,2018-03-07T09:32:35.818Z,3.239742,Driving,2018-03-07,09:32:35,0:00:00,-,,Rabu
1,2018-03-07T09:32:39.054Z,12,-6.898185,107.5931533,24 | D1904DB,,2018-03-07T09:32:39.054Z,3.239742,Driving,2018-03-07,09:32:39,0:00:00,-,,Rabu
1,2018-03-07T09:35:51.000Z,12,-6.896559444,107.5907633,24 | D1904DB,,2018-03-07T09:35:54.441Z,4.319656,Driving,2018-03-07,09:35:54,0:00:00,-,,Rabu
1,2018-03-07T09:38:20.000Z,12,-6.894401111,107.5874528,24 | D1904DB,,2018-03-07T09:38:24.380Z,9.179269,Driving,2018-03-07,09:38:24,0:00:00,-,,Rabu
1,2018-03-07T09:42:14.541Z,12,-6.894401111,107.5874528,24 | D1904DB,,2018-03-07T09:42:14.541Z,9.179269,Driving,2018-03-07,09:42:14,0:00:00,-,,Rabu
1,2018-03-07T09:44:00.000Z,12,-6.892482778,107.5841917,24 | D1904DB,,2018-03-07T09:44:04.454Z,2.159828,Driving,2018-03-07,09:44:04,0:00:00,-,,Rabu
1,2018-03-07T09:45:14.347Z,12,-6.892482778,107.5841917,24 | D1904DB,,2018-03-07T09:45:14.347Z,2.159828,Driving,2018-03-07,09:45:14,0:00:00,-,,Rabu
1,2018-03-07T09:45:50.000Z,12,-6.892148333,107.580055,24 | D1904DB,,2018-03-07T09:45:57.823Z,10.79914,Driving,2018-03-07,09:45:57,0:00:00,-,,Rabu
1,2018-03-07T09:48:14.264Z,12,-6.892148333,107.580055,24 | D1904DB,,2018-03-07T09:48:14.264Z,10.79914,Driving,2018-03-07,09:48:14,0:00:00,-,,Rabu
1,2018-03-07T09:51:15.103Z,12,-6.892148333,107.580055,24 | D1904DB,,2018-03-07T09:51:15.103Z,10.79914,Driving,2018-03-07,09:51:15,0:00:00,-,,Rabu
1,2018-03-07T09:53:40.000Z,12,-6.891521667,107.578545,24 | D1904DB,,2018-03-07T09:54:13.277Z,0,Stop,2018-03-07,09:54:13,0:00:02,Menurunkan Penumpang,,Rabu
1,2018-03-07T09:54:15.924Z,12,-6.891521667,107.578545,24 | D1904DB,,2018-03-07T09:54:15.924Z,0,Stop,2018-03-07,09:54:15,0:03:00,Ngetem,"Bus Stop, SDN",Rabu
1,2018-03-07T09:57:15.780Z,12,-6.891521667,107.578545,24 | D1904DB,,2018-03-07T09:57:15.780Z,0,Stop,2018-03-07,09:57:15,0:02:08,Ngetem,"Bus Stop, SDN",Rabu
1,2018-03-07T09:59:19.000Z,12,-6.891161667,107.5767817,24 | D1904DB,,2018-03-07T09:59:23.184Z,3.239742,Driving,2018-03-07,09:59:23,0:00:00,-,,Rabu
1,2018-03-07T10:00:15.658Z,12,-6.891161667,107.5767817,24 | D1904DB,,2018-03-07T10:00:15.658Z,3.239742,Driving,2018-03-07,10:00:15,0:00:00,-,,Rabu
1,2018-03-07T10:01:29.000Z,12,-6.893725,107.5743878,24 | D1904DB,,2018-03-07T10:01:33.058Z,7.559398,Driving,2018-03-07,10:01:33,0:00:00,-,,Rabu
1,2018-03-07T10:03:15.420Z,12,-6.893725,107.5743878,24 | D1904DB,,2018-03-07T10:03:15.420Z,7.559398,Driving,2018-03-07,10:03:15,0:00:00,-,,Rabu
1,2018-03-07T10:03:39.000Z,12,-6.89128,107.572195,24 | D1904DB,,2018-03-07T10:03:42.735Z,7.559398,Driving,2018-03-07,10:03:42,0:00:00,-,,Rabu
1,2018-03-07T10:05:59.000Z,12,-6.889627778,107.5691544,24 | D1904DB,,2018-03-07T10:06:24.777Z,11.879054,Driving,2018-03-07,10:06:24,0:00:00,-,,Rabu
1,2018-03-07T10:08:53.000Z,12,-6.887758333,107.5672117,24 | D1904DB,,2018-03-07T10:08:57.972Z,3.779699,Driving,2018-03-07,10:08:57,0:00:00,-,,Rabu
1,2018-03-07T10:09:35.141Z,12,-6.887758333,107.5672117,24 | D1904DB,,2018-03-07T10:09:35.141Z,3.779699,Driving,2018-03-07,10:09:35,0:00:00,-,,Rabu
1,2018-03-07T10:10:29.000Z,12,-6.889481667,107.5685,24 | D1904DB,,2018-03-07T10:10:35.157Z,10.259183,Driving,2018-03-07,10:10:35,0:00:00,-,,Rabu
1,2018-03-07T10:14:31.373Z,12,-6.889481667,107.5685,24 | D1904DB,,2018-03-07T10:14:31.373Z,10.259183,Driving,2018-03-07,10:14:31,0:00:00,-,,Rabu
1,2018-03-07T10:17:31.938Z,12,-6.891522778,107.5723283,24 | D1904DB,,2018-03-07T10:17:31.938Z,12.958968,Driving,2018-03-07,10:17:31,0:00:00,-,,Rabu
1,2018-03-07T10:19:29.000Z,12,-6.891121667,107.5760767,24 | D1904DB,,2018-03-07T10:19:32.372Z,0,Stop,2018-03-07,10:19:32,0:00:59,Menurunkan Penumpang,,Rabu
1,2018-03-07T10:20:31.576Z,12,-6.891121667,107.5760767,24 | D1904DB,,2018-03-07T10:20:31.576Z,0,Stop,2018-03-07,10:20:31,0:01:31,Ngetem,"Restaurant, Toko",Rabu
1,2018-03-07T10:21:59.000Z,12,-6.891876667,107.5796033,24 | D1904DB,,2018-03-07T10:22:02.007Z,12.958968,Driving,2018-03-07,10:22:02,0:00:00,-,,Rabu
1,2018-03-07T10:23:31.595Z,12,-6.891876667,107.5796033,24 | D1904DB,,2018-03-07T10:23:31.595Z,12.958968,Driving,2018-03-07,10:23:31,0:00:00,-,,Rabu
1,2018-03-07T10:25:59.000Z,12,-6.892272778,107.5824128,24 | D1904DB,,2018-03-07T10:26:02.051Z,14.578839,Driving,2018-03-07,10:26:02,0:00:00,-,,Rabu
1,2018-03-07T10:28:08.000Z,12,-6.89432,107.58773,24 | D1904DB,,2018-03-07T10:28:13.127Z,14.038882,Driving,2018-03-07,10:28:13,0:00:00,-,,Rabu
1,2018-03-07T10:28:27.487Z,12,-6.89432,107.58773,24 | D1904DB,,2018-03-07T10:28:27.487Z,14.038882,Driving,2018-03-07,10:28:27,0:00:00,-,,Rabu
1,2018-03-07T10:29:48.000Z,12,-6.896821667,107.5917383,24 | D1904DB,,2018-03-07T10:29:52.275Z,0,Stop,2018-03-07,10:29:52,0:02:03,Ngetem,"Bus Stop, Restaurant, Toko",Rabu
1,2018-03-07T10:31:48.000Z,12,-6.900065,107.596455,24 | D1904DB,,2018-03-07T10:31:55.010Z,0,Stop,2018-03-07,10:31:55,0:02:58,Ngetem,"Bus Stop, Hotel, Restaurant",Rabu
1,2018-03-07T10:34:53.094Z,12,-6.900065,107.596455,24 | D1904DB,,2018-03-07T10:34:53.094Z,0,Stop,2018-03-07,10:34:53,0:00:56,Menurunkan Penumpang,,Rabu
1,2018-03-07T10:35:38.000Z,12,-6.902614444,107.6001633,24 | D1904DB,,2018-03-07T10:35:49.354Z,14.038882,Driving,2018-03-07,10:35:49,0:00:00,-,,Rabu
1,2018-03-07T10:37:18.000Z,12,-6.904283333,107.604535,24 | D1904DB,,2018-03-07T10:37:21.071Z,8.099355,Driving,2018-03-07,10:37:21,0:00:00,-,,Rabu
1,2018-03-07T10:38:47.648Z,12,-6.904283333,107.604535,24 | D1904DB,,2018-03-07T10:38:47.648Z,8.099355,Driving,2018-03-07,10:38:47,0:00:00,-,,Rabu
1,2018-03-07T10:39:48.000Z,12,-6.906529444,107.6077333,24 | D1904DB,,2018-03-07T10:39:51.228Z,17.818581,Driving,2018-03-07,10:39:51,0:00:00,-,,Rabu
1,2018-03-07T10:41:28.000Z,12,-6.908718333,107.6045661,24 | D1904DB,,2018-03-07T10:41:38.465Z,11.339097,Driving,2018-03-07,10:41:38,0:00:00,-,,Rabu
1,2018-03-07T10:41:49.746Z,12,-6.908718333,107.6045661,24 | D1904DB,,2018-03-07T10:41:49.746Z,11.339097,Driving,2018-03-07,10:41:49,0:00:00,-,,Rabu
1,2018-03-07T10:43:38.000Z,12,-6.912548333,107.602735,24 | D1904DB,,2018-03-07T10:43:40.610Z,5.939527,Driving,2018-03-07,10:43:40,0:00:00,-,,Rabu
1,2018-03-07T10:45:43.307Z,12,-6.912548333,107.602735,24 | D1904DB,,2018-03-07T10:45:43.307Z,5.939527,Driving,2018-03-07,10:45:43,0:00:00,-,,Rabu
1,2018-03-07T10:48:43.145Z,12,-6.912548333,107.602735,24 | D1904DB,,2018-03-07T10:48:43.145Z,5.939527,Driving,2018-03-07,10:48:43,0:00:00,-,,Rabu
1,2018-03-07T10:51:43.005Z,12,-6.912548333,107.602735,24 | D1904DB,,2018-03-07T10:51:43.005Z,5.939527,Driving,2018-03-07,10:51:43,0:00:00,-,,Rabu
1,2018-03-07T10:44:18.000Z,12,-6.912532778,107.6008328,24 | D1904DB,,2018-03-07T10:52:00.171Z,0,Stop,2018-03-07,10:52:00,0:02:42,Ngetem,"Bus Sop, Gereja",Rabu
1,2018-03-07T10:54:42.862Z,12,-6.912532778,107.6008328,24 | D1904DB,,2018-03-07T10:54:42.862Z,0,Stop,2018-03-07,10:54:42,0:01:29,Ngetem,"Bus Sop, Gereja",Rabu
1,2018-03-07T10:56:08.000Z,12,-6.913686111,107.5981217,24 | D1904DB,,2018-03-07T10:56:11.661Z,11.879054,Driving,2018-03-07,10:56:11,0:00:00,-,,Rabu
1,2018-03-07T10:57:38.000Z,12,-6.916215,107.6000911,24 | D1904DB,,2018-03-07T10:57:41.135Z,9.719226,Driving,2018-03-07,10:57:41,0:00:00,-,,Rabu
1,2018-03-07T10:57:43.399Z,12,-6.916215,107.6000911,24 | D1904DB,,2018-03-07T10:57:43.399Z,9.719226,Driving,2018-03-07,10:57:43,0:00:00,-,,Rabu
1,2018-03-07T10:59:08.000Z,12,-6.916891667,107.604385,24 | D1904DB,,2018-03-07T10:59:09.879Z,12.419011,Driving,2018-03-07,10:59:09,0:00:00,-,,Rabu
1,2018-03-07T11:00:44.190Z,12,-6.916891667,107.604385,24 | D1904DB,,2018-03-07T11:00:44.190Z,12.419011,Driving,2018-03-07,11:00:44,0:00:00,-,,Rabu
1,2018-03-07T11:01:18.000Z,12,-6.921466667,107.6040283,24 | D1904DB,,2018-03-07T11:02:09.304Z,10.79914,Driving,2018-03-07,11:02:09,0:00:00,-,,Rabu
1,2018-03-07T11:02:57.000Z,12,-6.927311667,107.6036517,24 | D1904DB,,2018-03-07T11:02:59.643Z,3.779699,Driving,2018-03-07,11:02:59,0:00:00,-,,Rabu
1,2018-03-07T11:03:44.463Z,12,-6.927311667,107.6036517,24 | D1904DB,,2018-03-07T11:03:44.463Z,3.779699,Driving,2018-03-07,11:03:44,0:00:00,-,,Rabu
1,2018-03-07T11:04:37.000Z,12,-6.932148333,107.6033217,24 | D1904DB,,2018-03-07T11:04:41.587Z,8.639312,Driving,2018-03-07,11:04:41,0:00:00,-,,Rabu
1,2018-03-07T11:06:45.057Z,12,-6.932148333,107.6033217,24 | D1904DB,,2018-03-07T11:06:45.057Z,8.639312,Driving,2018-03-07,11:06:45,0:00:00,-,,Rabu
1,2018-03-07T11:07:07.000Z,12,-6.936803333,107.6030744,24 | D1904DB,,2018-03-07T11:07:13.453Z,8.639312,Driving,2018-03-07,11:07:13,0:00:00,-,,Rabu
1,2018-03-07T11:08:47.000Z,12,-6.937789444,107.5984867,24 | D1904DB,,2018-03-07T11:08:49.769Z,10.79914,Driving,2018-03-07,11:08:49,0:00:00,-,,Rabu
1,2018-03-07T11:09:45.090Z,12,-6.937789444,107.5984867,24 | D1904DB,,2018-03-07T11:09:45.090Z,10.79914,Driving,2018-03-07,11:09:45,0:00:00,-,,Rabu
1,2018-03-07T11:11:27.000Z,12,-6.940839444,107.596605,24 | D1904DB,,2018-03-07T11:11:29.630Z,14.038882,Driving,2018-03-07,11:11:29,0:00:00,-,,Rabu
1,2018-03-07T11:13:47.000Z,12,-6.945838333,107.5953567,24 | D1904DB,,2018-03-07T11:13:54.223Z,8.639312,Driving,2018-03-07,11:13:54,0:00:00,-,,Rabu
1,2018-03-07T11:14:20.928Z,12,-6.945838333,107.5953567,24 | D1904DB,,2018-03-07T11:14:20.928Z,8.639312,Driving,2018-03-07,11:14:20,0:00:00,-,,Rabu
1,2018-03-07T11:17:20.848Z,12,-6.945838333,107.5953567,24 | D1904DB,,2018-03-07T11:17:20.848Z,8.639312,Driving,2018-03-07,11:17:20,0:00:00,-,,Rabu
1,2018-03-07T11:17:57.000Z,12,-6.946966667,107.5934433,24 | D1904DB,,2018-03-07T11:17:59.442Z,4.859613,Driving,2018-03-07,11:17:59,0:00:00,-,,Rabu
1,2018-03-07T11:20:20.720Z,12,-6.946966667,107.5934433,24 | D1904DB,,2018-03-07T11:20:20.720Z,4.859613,Driving,2018-03-07,11:20:20,0:00:00,-,,Rabu
1,2018-03-07T11:22:06.000Z,12,-6.946476667,107.5916667,24 | D1904DB,,2018-03-07T11:22:09.445Z,2.699785,Driving,2018-03-07,11:22:09,0:00:00,-,,Rabu
1,2018-03-07T11:26:46.291Z,12,-6.946476667,107.5916667,24 | D1904DB,,2018-03-07T11:26:46.291Z,2.699785,Driving,2018-03-07,11:26:46,0:00:00,-,,Rabu
1,2018-03-07T11:27:06.000Z,12,-6.945968333,107.59028,24 | D1904DB,,2018-03-07T11:27:08.827Z,0,Stop,2018-03-07,11:27:08,0:02:39,Ngetem,"Bus Stop, Perempatan",Rabu
1,2018-03-07T11:29:47.153Z,12,-6.945968333,107.59028,24 | D1904DB,,2018-03-07T11:29:47.153Z,0,Stop,2018-03-07,11:29:47,0:01:01,Menurunkan Penumpang,,Rabu
1,2018-03-07T11:30:46.000Z,12,-6.946847778,107.5888894,24 | D1904DB,,2018-03-07T11:30:48.187Z,6.479484,Driving,2018-03-07,11:30:48,0:00:00,-,,Rabu
1,2018-03-07T11:32:26.000Z,12,-6.952415,107.5851783,24 | D1904DB,,2018-03-07T11:32:33.974Z,10.79914,Driving,2018-03-07,11:32:33,0:00:00,-,,Rabu
1,2018-03-07T11:34:16.000Z,12,-6.957751667,107.58166,24 | D1904DB,,2018-03-07T11:34:19.819Z,2.159828,Driving,2018-03-07,11:34:19,0:00:00,-,,Rabu
1,2018-03-07T11:36:36.000Z,12,-6.959816667,107.5801967,24 | D1904DB,,2018-03-07T11:36:39.660Z,3.239742,Driving,2018-03-07,11:36:39,0:00:00,-,,Rabu
1,2018-03-07T11:37:16.713Z,12,-6.959816667,107.5801967,24 | D1904DB,,2018-03-07T11:37:16.713Z,3.239742,Driving,2018-03-07,11:37:16,0:00:00,-,,Rabu
1,2018-03-07T11:39:26.000Z,12,-6.962131667,107.5785133,24 | D1904DB,,2018-03-07T11:39:28.606Z,3.239742,Driving,2018-03-07,11:39:28,0:00:00,-,,Rabu
1,2018-03-07T11:40:16.604Z,12,-6.962131667,107.5785133,24 | D1904DB,,2018-03-07T11:40:16.604Z,3.239742,Driving,2018-03-07,11:40:16,0:00:00,-,,Rabu
1,2018-03-07T11:43:06.000Z,12,-6.9643,107.5769561,24 | D1904DB,,2018-03-07T11:43:08.369Z,1.619871,Driving,2018-03-07,11:43:08,0:00:00,-,,Rabu
1,2018-03-07T11:43:16.406Z,12,-6.9643,107.5769561,24 | D1904DB,,2018-03-07T11:43:16.406Z,1.619871,Driving,2018-03-07,11:43:16,0:00:00,-,,Rabu
1,2018-03-07T11:46:16.404Z,12,-6.9643,107.5769561,24 | D1904DB,,2018-03-07T11:46:16.404Z,1.619871,Driving,2018-03-07,11:46:16,0:00:00,-,,Rabu
1,2018-03-07T11:47:46.000Z,12,-6.965955,107.5761833,24 | D1904DB,,2018-03-07T11:47:48.201Z,0,Stop,2018-03-07,11:47:48,0:01:30,Ngetem,"Bank, SPBU",Rabu
1,2018-03-07T11:49:18.077Z,12,-6.965955,107.5761833,24 | D1904DB,,2018-03-07T11:49:18.077Z,0,Stop,2018-03-07,11:49:18,0:01:13,Ngetem,"Bank, SPBU",Rabu
1,2018-03-07T11:50:26.000Z,12,-6.970011667,107.5743467,24 | D1904DB,,2018-03-07T11:50:31.921Z,4.319656,Driving,2018-03-07,11:50:31,0:00:00,-,,Rabu
1,2018-03-07T11:52:19.165Z,12,-6.970011667,107.5743467,24 | D1904DB,,2018-03-07T11:52:19.165Z,4.319656,Driving,2018-03-07,11:52:19,0:00:00,-,,Rabu
1,2018-03-07T11:55:28.634Z,12,-6.970011667,107.5743467,24 | D1904DB,,2018-03-07T11:55:28.634Z,4.319656,Driving,2018-03-07,11:55:28,0:00:00,-,,Rabu
1,2018-03-07T11:55:55.000Z,12,-6.972781667,107.5729633,24 | D1904DB,,2018-03-07T11:56:13.919Z,11.339097,Driving,2018-03-07,11:56:13,0:00:00,-,,Rabu
1,2018-03-07T11:57:35.000Z,12,-6.976303333,107.56815,24 | D1904DB,,2018-03-07T11:57:37.209Z,22.138237,Driving,2018-03-07,11:57:37,0:00:00,-,,Rabu
1,2018-03-07T11:59:14.000Z,12,-6.975995,107.5620617,24 | D1904DB,,2018-03-07T11:59:17.561Z,8.099355,Driving,2018-03-07,11:59:17,0:00:00,-,,Rabu
1,2018-03-07T12:00:54.000Z,12,-6.98103,107.5621983,24 | D1904DB,,2018-03-07T12:00:56.866Z,0,Stop,2018-03-07,12:00:56,0:01:31,Ngetem,"Hotel, Restaurant, Toko",Rabu
1,2018-03-07T12:02:23.000Z,12,-6.984576667,107.563285,24 | D1904DB,,2018-03-07T12:02:27.429Z,7.559398,Driving,2018-03-07,12:02:27,0:00:00,-,,Rabu
1,2018-03-07T12:03:25.268Z,12,-6.984576667,107.563285,24 | D1904DB,,2018-03-07T12:03:25.268Z,7.559398,Driving,2018-03-07,12:03:25,0:00:00,-,,Rabu
1,2018-03-07T12:04:03.000Z,12,-6.987666667,107.5587194,24 | D1904DB,,2018-03-07T12:04:07.279Z,14.038882,Driving,2018-03-07,12:04:07,0:00:00,-,,Rabu
1,2018-03-07T12:05:43.000Z,12,-6.991945,107.5559567,24 | D1904DB,,2018-03-07T12:05:47.531Z,0,Stop,2018-03-07,12:05:47,0:00:38,Menurunkan Penumpang,,Rabu
1,2018-03-07T12:06:25.571Z,12,-6.991945,107.5559567,24 | D1904DB,,2018-03-07T12:06:25.571Z,0,Stop,2018-03-07,12:06:25,0:01:32,Ngetem,Restaurant,Rabu
1,2018-03-07T12:07:53.000Z,12,-6.997363333,107.55423,24 | D1904DB,,2018-03-07T12:07:57.722Z,2.699785,Driving,2018-03-07,12:07:57,0:00:00,-,,Rabu
1,2018-03-07T12:09:29.139Z,12,-6.997363333,107.55423,24 | D1904DB,,2018-03-07T12:09:29.139Z,2.699785,Driving,2018-03-07,12:09:29,0:00:00,-,,Rabu
1,2018-03-07T12:09:43.000Z,12,-7.00212,107.55283,24 | D1904DB,,2018-03-07T12:09:50.833Z,0,Stop,2018-03-07,12:09:50,0:02:48,Ngetem,Restaurant,Rabu
1,2018-03-07T12:12:38.443Z,12,-7.00212,107.55283,24 | D1904DB,,2018-03-07T12:12:38.443Z,0,Stop,2018-03-07,12:12:38,0:01:02,Ngetem,Restaurant,Rabu
1,2018-03-07T12:13:33.000Z,12,-7.004051667,107.5522561,24 | D1904DB,,2018-03-07T12:13:40.430Z,12.419011,Driving,2018-03-07,12:13:40,0:00:00,-,,Rabu
1,2018-03-07T12:15:13.000Z,12,-7.010847778,107.5502733,24 | D1904DB,,2018-03-07T12:15:16.262Z,16.19871,Driving,2018-03-07,12:15:16,0:00:00,-,,Rabu
1,2018-03-07T12:15:41.801Z,12,-7.010847778,107.5502733,24 | D1904DB,,2018-03-07T12:15:41.801Z,16.19871,Driving,2018-03-07,12:15:41,0:00:00,-,,Rabu
1,2018-03-07T12:16:53.000Z,12,-7.016595,107.5484278,24 | D1904DB,,2018-03-07T12:17:03.441Z,9.719226,Driving,2018-03-07,12:17:03,0:00:00,-,,Rabu
1,2018-03-07T12:18:13.000Z,12,-7.017741111,107.5450933,24 | D1904DB,,2018-03-07T12:18:19.817Z,17.818581,Driving,2018-03-07,12:18:19,0:00:00,-,,Rabu
1,2018-03-07T12:26:59.157Z,12,-7.017741111,107.5450933,24 | D1904DB,,2018-03-07T12:26:59.157Z,17.818581,Driving,2018-03-07,12:26:59,0:00:00,-,,Rabu
1,2018-03-07T12:26:53.000Z,12,-7.022341667,107.5421083,24 | D1904DB,,2018-03-07T12:27:03.193Z,19.978409,Driving,2018-03-07,12:27:03,0:00:00,-,,Rabu
1,2018-03-07T12:28:33.000Z,12,-7.031951667,107.5409833,24 | D1904DB,,2018-03-07T12:29:42.874Z,9.179269,Driving,2018-03-07,12:29:42,0:00:00,-,,Rabu
1,2018-03-07T12:30:01.798Z,12,-7.031951667,107.5409833,24 | D1904DB,,2018-03-07T12:30:01.798Z,9.179269,Driving,2018-03-07,12:30:01,0:00:00,-,,Rabu
1,2018-03-07T12:30:13.000Z,12,-7.03456,107.54581,24 | D1904DB,,2018-03-07T12:31:21.163Z,11.879054,Driving,2018-03-07,12:31:21,0:00:00,-,,Rabu
1,2018-03-07T12:31:43.000Z,12,-7.038227778,107.5484917,24 | D1904DB,,2018-03-07T12:31:45.447Z,9.719226,Driving,2018-03-07,12:31:45,0:00:00,-,,Rabu
1,2018-03-07T12:34:03.000Z,12,-7.041198333,107.54529,24 | D1904DB,,2018-03-07T12:34:07.055Z,10.79914,Driving,2018-03-07,12:34:07,0:00:00,-,,Rabu
1,2018-03-07T12:35:42.000Z,12,-7.044961667,107.5440967,24 | D1904DB,,2018-03-07T12:35:46.073Z,4.319656,Driving,2018-03-07,12:35:46,0:00:00,-,,Rabu
1,2018-03-07T12:38:33.996Z,12,-7.044961667,107.5440967,24 | D1904DB,,2018-03-07T12:38:33.996Z,4.319656,Driving,2018-03-07,12:38:33,0:00:00,-,,Rabu
1,2018-03-07T12:41:33.933Z,12,-7.044961667,107.5440967,24 | D1904DB,,2018-03-07T12:41:33.933Z,4.319656,Driving,2018-03-07,12:41:33,0:00:00,-,,Rabu
1,2018-03-07T12:36:32.000Z,12,-7.044638333,107.5435083,24 | D1904DB,,2018-03-07T12:44:05.285Z,0,Stop,2018-03-07,12:44:05,0:00:28,Menurunkan Penumpang,,Rabu
1,2018-03-07T12:44:33.714Z,12,-7.044638333,107.5435083,24 | D1904DB,,2018-03-07T12:44:33.714Z,0,Stop,2018-03-07,12:44:33,0:03:00,Ngetem,Perumahan,Rabu
1,2018-03-07T12:47:33.592Z,12,-7.044638333,107.5435083,24 | D1904DB,,2018-03-07T12:47:33.592Z,0,Stop,2018-03-07,12:47:33,0:03:00,Ngetem,Perumahan,Rabu
1,2018-03-07T12:50:33.492Z,12,-7.044638333,107.5435083,24 | D1904DB,,2018-03-07T12:50:33.492Z,0,Stop,2018-03-07,12:50:33,0:01:51,Ngetem,Perumahan,Rabu
1,2018-03-07T12:52:22.000Z,12,-7.044638333,107.5435083,24 | D1904DB,,2018-03-07T12:52:24.491Z,0,Stop,2018-03-07,12:52:24,0:01:10,Ngetem,Perumahan,Rabu
1,2018-03-07T12:53:34.342Z,12,-7.044638333,107.5435083,24 | D1904DB,,2018-03-07T12:53:34.342Z,0,Stop,2018-03-07,12:53:34,0:03:01,Macet,Perumahan,Rabu
1,2018-03-07T12:56:35.188Z,12,-7.044638333,107.5435083,24 | D1904DB,,2018-03-07T12:56:35.188Z,0,Stop,2018-03-07,12:56:35,0:03:00,Ngetem,Perumahan,Rabu
1,2018-03-07T12:59:35.007Z,12,-7.044638333,107.5435083,24 | D1904DB,,2018-03-07T12:59:35.007Z,0,Stop,2018-03-07,12:59:35,0:01:09,Ngetem,Perumahan,Rabu
1,2018-03-07T13:00:41.000Z,12,-7.044638333,107.5435083,24 | D1904DB,,2018-03-07T13:00:44.306Z,0,Stop,2018-03-07,13:00:44,0:01:50,Ngetem,Perumahan,Rabu
1,2018-03-07T13:02:34.928Z,12,-7.044638333,107.5435083,24 | D1904DB,,2018-03-07T13:02:34.928Z,0,Stop,2018-03-07,13:02:34,0:03:00,Ngetem,Perumahan,Rabu
1,2018-03-07T13:05:34.825Z,12,-7.044638333,107.5435083,24 | D1904DB,,2018-03-07T13:05:34.825Z,0,Stop,2018-03-07,13:05:34,0:03:00,Ngetem,Perumahan,Rabu
1,2018-03-07T13:08:34.626Z,12,-7.044638333,107.5435083,24 | D1904DB,,2018-03-07T13:08:34.626Z,0,Stop,2018-03-07,13:08:34,0:00:29,Menurunkan Penumpang,,Rabu
1,2018-03-07T13:09:01.000Z,12,-7.044638333,107.5435083,24 | D1904DB,,2018-03-07T13:09:03.683Z,0,Stop,2018-03-07,13:09:03,0:02:31,Ngetem,Perumahan,Rabu
1,2018-03-07T13:11:34.404Z,12,-7.044638333,107.5435083,24 | D1904DB,,2018-03-07T13:11:34.404Z,0,Stop,2018-03-07,13:11:34,0:03:01,Macet,Perumahan,Rabu
1,2018-03-07T13:14:35.466Z,12,-7.044638333,107.5435083,24 | D1904DB,,2018-03-07T13:14:35.466Z,0,Stop,2018-03-07,13:14:35,0:02:48,Ngetem,Perumahan,Rabu
1,2018-03-07T13:17:20.000Z,12,-7.044638333,107.5435083,24 | D1904DB,,2018-03-07T13:17:23.360Z,0,Stop,2018-03-07,13:17:23,0:00:13,Menurunkan Penumpang,,Rabu
1,2018-03-07T13:17:36.082Z,12,-7.044638333,107.5435083,24 | D1904DB,,2018-03-07T13:17:36.082Z,0,Stop,2018-03-07,13:17:36,0:02:59,Ngetem,Perumahan,Rabu
1,2018-03-07T13:20:35.962Z,12,-7.044638333,107.5435083,24 | D1904DB,,2018-03-07T13:20:35.962Z,0,Stop,2018-03-07,13:20:35,0:03:00,Ngetem,Perumahan,Rabu
1,2018-03-07T13:23:35.822Z,12,-7.044638333,107.5435083,24 | D1904DB,,2018-03-07T13:23:35.822Z,0,Stop,2018-03-07,13:23:35,0:02:07,Ngetem,Perumahan,Rabu
1,2018-03-07T13:25:40.000Z,12,-7.044638333,107.5435083,24 | D1904DB,,2018-03-07T13:25:42.823Z,0,Stop,2018-03-07,13:25:42,0:00:53,Menurunkan Penumpang,,Rabu
1,2018-03-07T13:26:35.802Z,12,-7.044638333,107.5435083,24 | D1904DB,,2018-03-07T13:26:35.802Z,0,Stop,2018-03-07,13:26:35,0:03:00,Ngetem,Perumahan,Rabu
1,2018-03-07T13:29:35.501Z,12,-7.044638333,107.5435083,24 | D1904DB,,2018-03-07T13:29:35.501Z,0,Stop,2018-03-07,13:29:35,0:03:00,Ngetem,Perumahan,Rabu
1,2018-03-07T13:32:35.610Z,12,-7.044638333,107.5435083,24 | D1904DB,,2018-03-07T13:32:35.610Z,0,Stop,2018-03-07,13:32:35,0:01:27,Ngetem,Perumahan,Rabu
1,2018-03-07T13:33:59.000Z,12,-7.044638333,107.5435083,24 | D1904DB,,2018-03-07T13:34:02.621Z,0,Stop,2018-03-07,13:34:02,0:01:34,Ngetem,Perumahan,Rabu
1,2018-03-07T13:35:36.327Z,12,-7.044638333,107.5435083,24 | D1904DB,,2018-03-07T13:35:36.327Z,0,Stop,2018-03-07,13:35:36,0:03:01,Ngetem,Perumahan,Rabu
1,2018-03-07T13:38:37.227Z,12,-7.044638333,107.5435083,24 | D1904DB,,2018-03-07T13:38:37.227Z,0,Stop,2018-03-07,13:38:37,0:02:59,Ngetem,Perumahan,Rabu
1,2018-03-07T13:41:36.888Z,12,-7.044638333,107.5435083,24 | D1904DB,,2018-03-07T13:41:36.888Z,0,Stop,2018-03-07,13:41:36,0:00:46,Menurunkan Penumpang,,Rabu
1,2018-03-07T13:42:19.000Z,12,-7.044638333,107.5435083,24 | D1904DB,,2018-03-07T13:42:22.988Z,0,Stop,2018-03-07,13:42:22,0:02:14,Ngetem,Perumahan,Rabu
1,2018-03-07T13:44:36.925Z,12,-7.044638333,107.5435083,24 | D1904DB,,2018-03-07T13:44:36.925Z,0,Stop,2018-03-07,13:44:36,0:03:00,Ngetem,Perumahan,Rabu
1,2018-03-07T13:47:36.845Z,12,-7.044638333,107.5435083,24 | D1904DB,,2018-03-07T13:47:36.845Z,0,Stop,2018-03-07,13:47:36,0:03:05,Macet,Perumahan,Rabu
1,2018-03-07T13:50:39.000Z,12,-7.044638333,107.5435083,24 | D1904DB,,2018-03-07T13:50:41.506Z,0,Stop,2018-03-07,13:50:41,0:02:57,Ngetem,Perumahan,Rabu
1,2018-03-07T13:53:38.523Z,12,-7.044638333,107.5435083,24 | D1904DB,,2018-03-07T13:53:38.523Z,0,Stop,2018-03-07,13:53:38,0:03:01,Macet,Perumahan,Rabu
1,2018-03-07T13:56:39.284Z,12,-7.044638333,107.5435083,24 | D1904DB,,2018-03-07T13:56:39.284Z,0,Stop,2018-03-07,13:56:39,0:02:21,Ngetem,Perumahan,Rabu
1,2018-03-07T13:58:58.000Z,12,-7.044638333,107.5435083,24 | D1904DB,,2018-03-07T13:59:00.994Z,0,Stop,2018-03-07,13:59:00,0:00:40,Menurunkan Penumpang,,Rabu
1,2018-03-07T13:59:40.052Z,12,-7.044638333,107.5435083,24 | D1904DB,,2018-03-07T13:59:40.052Z,0,Stop,2018-03-07,13:59:40,0:03:00,Ngetem,Perumahan,Rabu
1,2018-03-07T14:02:40.961Z,12,-7.044638333,107.5435083,24 | D1904DB,,2018-03-07T14:02:40.961Z,0,Stop,2018-03-07,14:02:40,0:03:01,Macet,Perumahan,Rabu
1,2018-03-07T14:05:41.921Z,12,-7.044638333,107.5435083,24 | D1904DB,,2018-03-07T14:05:41.921Z,0,Stop,2018-03-07,14:05:41,0:01:39,Ngetem,Perumahan,Rabu
1,2018-03-07T14:07:18.000Z,12,-7.044638333,107.5435083,24 | D1904DB,,2018-03-07T14:07:20.861Z,0,Stop,2018-03-07,14:07:20,0:01:22,Ngetem,Perumahan,Rabu
1,2018-03-07T14:08:42.821Z,12,-7.044638333,107.5435083,24 | D1904DB,,2018-03-07T14:08:42.821Z,0,Stop,2018-03-07,14:08:42,0:03:01,Ngetem,Perumahan,Rabu
1,2018-03-07T14:11:43.696Z,12,-7.044638333,107.5435083,24 | D1904DB,,2018-03-07T14:11:43.696Z,0,Stop,2018-03-07,14:11:43,0:03:23,Macet,Perumahan,Rabu
1,2018-03-07T14:15:06.435Z,12,-7.044638333,107.5435083,24 | D1904DB,,2018-03-07T14:15:06.435Z,0,Stop,2018-03-07,14:15:06,0:00:34,Menurunkan Penumpang,,Rabu
1,2018-03-07T14:15:37.000Z,12,-7.044638333,107.5435083,24 | D1904DB,,2018-03-07T14:15:40.443Z,0,Stop,2018-03-07,14:15:40,0:02:27,Ngetem,Perumahan,Rabu
1,2018-03-07T14:18:07.176Z,12,-7.044638333,107.5435083,24 | D1904DB,,2018-03-07T14:18:07.176Z,0,Stop,2018-03-07,14:18:07,0:03:00,Ngetem,Perumahan,Rabu
1,2018-03-07T14:21:07.838Z,12,-7.044638333,107.5435083,24 | D1904DB,,2018-03-07T14:21:07.838Z,0,Stop,2018-03-07,14:21:07,0:03:00,Ngetem,Perumahan,Rabu
1,2018-03-07T14:24:07.835Z,12,-7.044638333,107.5435083,24 | D1904DB,,2018-03-07T14:24:07.835Z,0,Stop,2018-03-07,14:24:07,0:03:00,Ngetem,Perumahan,Rabu
1,2018-03-07T14:27:07.752Z,12,-7.044638333,107.5435083,24 | D1904DB,,2018-03-07T14:27:07.752Z,0,Stop,2018-03-07,14:27:07,0:03:00,Ngetem,Perumahan,Rabu
1,2018-03-07T14:30:07.611Z,12,-7.044638333,107.5435083,24 | D1904DB,,2018-03-07T14:30:07.611Z,0,Stop,2018-03-07,14:30:07,0:02:12,Ngetem,Perumahan,Rabu
1,2018-03-07T14:32:17.000Z,12,-7.044638333,107.5435083,24 | D1904DB,,2018-03-07T14:32:19.533Z,0,Stop,2018-03-07,14:32:19,0:00:49,Menurunkan Penumpang,,Rabu
1,2018-03-07T14:33:08.385Z,12,-7.044638333,107.5435083,24 | D1904DB,,2018-03-07T14:33:08.385Z,0,Stop,2018-03-07,14:33:08,0:05:29,Macet,Perumahan,Rabu
1,2018-03-07T14:38:37.208Z,12,-7.044638333,107.5435083,24 | D1904DB,,2018-03-07T14:38:37.208Z,0,Stop,2018-03-07,14:38:37,0:02:02,Ngetem,Perumahan,Rabu
1,2018-03-07T14:40:36.000Z,12,-7.044638333,107.5435083,24 | D1904DB,,2018-03-07T14:40:39.050Z,0,Stop,2018-03-07,14:40:39,0:00:58,Menurunkan Penumpang,,Rabu
1,2018-03-07T14:41:37.950Z,12,-7.044638333,107.5435083,24 | D1904DB,,2018-03-07T14:41:37.950Z,0,Stop,2018-03-07,14:41:37,0:03:00,Ngetem,Perumahan,Rabu
1,2018-03-07T14:44:37.746Z,12,-7.044638333,107.5435083,24 | D1904DB,,2018-03-07T14:44:37.746Z,0,Stop,2018-03-07,14:44:37,0:03:00,Ngetem,Perumahan,Rabu
1,2018-03-07T14:47:37.614Z,12,-7.044638333,107.5435083,24 | D1904DB,,2018-03-07T14:47:37.614Z,0,Stop,2018-03-07,14:47:37,0:01:21,Ngetem,Perumahan,Rabu
1,2018-03-07T14:48:56.000Z,12,-7.044638333,107.5435083,24 | D1904DB,,2018-03-07T14:48:58.493Z,0,Stop,2018-03-07,14:48:58,0:01:39,Ngetem,Perumahan,Rabu
1,2018-03-07T14:50:37.485Z,12,-7.044638333,107.5435083,24 | D1904DB,,2018-03-07T14:50:37.485Z,0,Stop,2018-03-07,14:50:37,0:03:00,Ngetem,Perumahan,Rabu
1,2018-03-07T14:53:37.346Z,12,-7.044638333,107.5435083,24 | D1904DB,,2018-03-07T14:53:37.346Z,0,Stop,2018-03-07,14:53:37,0:03:00,Ngetem,Perumahan,Rabu
1,2018-03-07T14:56:37.083Z,12,-7.044638333,107.5435083,24 | D1904DB,,2018-03-07T14:56:37.083Z,0,Stop,2018-03-07,14:56:37,0:00:41,Menurunkan Penumpang,,Rabu
1,2018-03-07T14:57:15.000Z,12,-7.044638333,107.5435083,24 | D1904DB,,2018-03-07T14:57:18.282Z,0,Stop,2018-03-07,14:57:18,0:02:18,Ngetem,Perumahan,Rabu
1,2018-03-07T14:59:36.924Z,12,-7.044638333,107.5435083,24 | D1904DB,,2018-03-07T14:59:36.924Z,0,Stop,2018-03-07,14:59:36,0:03:00,Ngetem,Perumahan,Rabu
1,2018-03-07T15:02:36.781Z,12,-7.044638333,107.5435083,24 | D1904DB,,2018-03-07T15:02:36.781Z,0,Stop,2018-03-07,15:02:36,0:03:01,Macet,Perumahan,Rabu
1,2018-03-07T15:05:35.000Z,12,-7.044638333,107.5435083,24 | D1904DB,,2018-03-07T15:05:37.703Z,0,Stop,2018-03-07,15:05:37,0:02:59,Ngetem,Perumahan,Rabu
1,2018-03-07T15:08:36.562Z,12,-7.044638333,107.5435083,24 | D1904DB,,2018-03-07T15:08:36.562Z,0,Stop,2018-03-07,15:08:36,0:03:00,Ngetem,Perumahan,Rabu
1,2018-03-07T15:11:36.418Z,12,-7.044638333,107.5435083,24 | D1904DB,,2018-03-07T15:11:36.418Z,0,Stop,2018-03-07,15:11:36,0:02:21,Ngetem,Perumahan,Rabu
1,2018-03-07T15:13:55.000Z,12,-7.044638333,107.5435083,24 | D1904DB,,2018-03-07T15:13:57.320Z,0,Stop,2018-03-07,15:13:57,0:00:39,Menurunkan Penumpang,,Rabu
1,2018-03-07T15:14:36.260Z,12,-7.044638333,107.5435083,24 | D1904DB,,2018-03-07T15:14:36.260Z,0,Stop,2018-03-07,15:14:36,0:03:00,Ngetem,Perumahan,Rabu
1,2018-03-07T15:17:36.080Z,12,-7.044638333,107.5435083,24 | D1904DB,,2018-03-07T15:17:36.080Z,0,Stop,2018-03-07,15:17:36,0:02:59,Ngetem,Perumahan,Rabu
1,2018-03-07T15:20:35.976Z,12,-7.044638333,107.5435083,24 | D1904DB,,2018-03-07T15:20:35.976Z,0,Stop,2018-03-07,15:20:35,0:01:42,Ngetem,Perumahan,Rabu
1,2018-03-07T15:22:14.000Z,12,-7.044638333,107.5435083,24 | D1904DB,,2018-03-07T15:22:17.017Z,0,Stop,2018-03-07,15:22:17,0:01:18,Ngetem,Perumahan,Rabu
1,2018-03-07T15:23:35.734Z,12,-7.044638333,107.5435083,24 | D1904DB,,2018-03-07T15:23:35.734Z,0,Stop,2018-03-07,15:23:35,0:03:00,Ngetem,Perumahan,Rabu
1,2018-03-07T15:26:35.675Z,12,-7.044638333,107.5435083,24 | D1904DB,,2018-03-07T15:26:35.675Z,0,Stop,2018-03-07,15:26:35,0:03:00,Ngetem,Perumahan,Rabu
1,2018-03-07T15:29:35.511Z,12,-7.044638333,107.5435083,24 | D1904DB,,2018-03-07T15:29:35.511Z,0,Stop,2018-03-07,15:29:35,0:01:01,Menurunkan Penumpang,,Rabu
1,2018-03-07T15:30:34.000Z,12,-7.044638333,107.5435083,24 | D1904DB,,2018-03-07T15:30:36.735Z,0,Stop,2018-03-07,15:30:36,0:01:59,Ngetem,Perumahan,Rabu
1,2018-03-07T15:32:35.453Z,12,-7.044638333,107.5435083,24 | D1904DB,,2018-03-07T15:32:35.453Z,0,Stop,2018-03-07,15:32:35,0:03:01,Ngetem,Perumahan,Rabu
1,2018-03-07T15:35:36.135Z,12,-7.044638333,107.5435083,24 | D1904DB,,2018-03-07T15:35:36.135Z,0,Stop,2018-03-07,15:35:36,0:03:00,Ngetem,Perumahan,Rabu
1,2018-03-07T15:38:36.073Z,12,-7.044638333,107.5435083,24 | D1904DB,,2018-03-07T15:38:36.073Z,0,Stop,2018-03-07,15:38:36,0:00:20,Menurunkan Penumpang,,Rabu
1,2018-03-07T15:38:53.000Z,12,-7.044638333,107.5435083,24 | D1904DB,,2018-03-07T15:38:56.172Z,0,Stop,2018-03-07,15:38:56,0:02:39,Ngetem,Perumahan,Rabu
1,2018-03-07T15:41:35.978Z,12,-7.044638333,107.5435083,24 | D1904DB,,2018-03-07T15:41:35.978Z,0,Stop,2018-03-07,15:41:35,0:03:01,Macet,Perumahan,Rabu
1,2018-03-07T15:44:36.697Z,12,-7.044638333,107.5435083,24 | D1904DB,,2018-03-07T15:44:36.697Z,0,Stop,2018-03-07,15:44:36,0:02:39,Ngetem,Perumahan,Rabu
1,2018-03-07T15:47:13.000Z,12,-7.044638333,107.5435083,24 | D1904DB,,2018-03-07T15:47:15.598Z,0,Stop,2018-03-07,15:47:15,0:00:21,Menurunkan Penumpang,,Rabu
1,2018-03-07T15:47:36.556Z,12,-7.044638333,107.5435083,24 | D1904DB,,2018-03-07T15:47:36.556Z,0,Stop,2018-03-07,15:47:36,0:03:00,Ngetem,Perumahan,Rabu
1,2018-03-07T15:50:36.369Z,12,-7.044638333,107.5435083,24 | D1904DB,,2018-03-07T15:50:36.369Z,0,Stop,2018-03-07,15:50:36,0:03:00,Ngetem,Perumahan,Rabu
1,2018-03-07T15:53:36.249Z,12,-7.044638333,107.5435083,24 | D1904DB,,2018-03-07T15:53:36.249Z,0,Stop,2018-03-07,15:53:36,0:01:59,Ngetem,Perumahan,Rabu
1,2018-03-07T15:55:33.000Z,12,-7.044638333,107.5435083,24 | D1904DB,,2018-03-07T15:55:35.347Z,0,Stop,2018-03-07,15:55:35,0:01:01,Ngetem,Perumahan,Rabu
1,2018-03-07T15:56:36.085Z,12,-7.044638333,107.5435083,24 | D1904DB,,2018-03-07T15:56:36.085Z,0,Stop,2018-03-07,15:56:36,0:03:00,Ngetem,Perumahan,Rabu
1,2018-03-07T15:59:36.043Z,12,-7.044638333,107.5435083,24 | D1904DB,,2018-03-07T15:59:36.043Z,0,Stop,2018-03-07,15:59:36,0:02:59,Ngetem,Perumahan,Rabu
1,2018-03-07T16:02:35.905Z,12,-7.044638333,107.5435083,24 | D1904DB,,2018-03-07T16:02:35.905Z,0,Stop,2018-03-07,16:02:35,0:01:19,Ngetem,Perumahan,Rabu
1,2018-03-07T16:03:52.000Z,12,-7.044638333,107.5435083,24 | D1904DB,,2018-03-07T16:03:54.905Z,0,Stop,2018-03-07,16:03:54,0:01:42,Ngetem,Perumahan,Rabu
1,2018-03-07T16:05:36.643Z,12,-7.044638333,107.5435083,24 | D1904DB,,2018-03-07T16:05:36.643Z,0,Stop,2018-03-07,16:05:36,0:03:00,Ngetem,Perumahan,Rabu
1,2018-03-07T16:08:36.563Z,12,-7.044638333,107.5435083,24 | D1904DB,,2018-03-07T16:08:36.563Z,0,Stop,2018-03-07,16:08:36,0:03:00,Ngetem,Perumahan,Rabu
1,2018-03-07T16:11:36.441Z,12,-7.044638333,107.5435083,24 | D1904DB,,2018-03-07T16:11:36.441Z,0,Stop,2018-03-07,16:11:36,0:00:38,Menurunkan Penumpang,,Rabu
1,2018-03-07T16:12:12.000Z,12,-7.044638333,107.5435083,24 | D1904DB,,2018-03-07T16:12:14.283Z,0,Stop,2018-03-07,16:12:14,0:02:23,Ngetem,Perumahan,Rabu
1,2018-03-07T16:14:37.280Z,12,-7.044638333,107.5435083,24 | D1904DB,,2018-03-07T16:14:37.280Z,0,Stop,2018-03-07,16:14:37,0:03:00,Ngetem,Perumahan,Rabu
1,2018-03-07T16:17:37.099Z,12,-7.044638333,107.5435083,24 | D1904DB,,2018-03-07T16:17:37.099Z,0,Stop,2018-03-07,16:17:37,0:02:59,Ngetem,Perumahan,Rabu
1,2018-03-07T16:20:36.875Z,12,-7.044638333,107.5435083,24 | D1904DB,,2018-03-07T16:20:36.875Z,0,Stop,2018-03-07,16:20:36,0:03:00,Ngetem,Perumahan,Rabu
1,2018-03-07T16:23:36.695Z,12,-7.044638333,107.5435083,24 | D1904DB,,2018-03-07T16:23:36.695Z,0,Stop,2018-03-07,16:23:36,0:03:00,Ngetem,Perumahan,Rabu
1,2018-03-07T16:26:36.547Z,12,-7.044638333,107.5435083,24 | D1904DB,,2018-03-07T16:26:36.547Z,0,Stop,2018-03-07,16:26:36,0:02:17,Ngetem,Perumahan,Rabu
1,2018-03-07T16:28:51.000Z,12,-7.044638333,107.5435083,24 | D1904DB,,2018-03-07T16:28:53.464Z,0,Stop,2018-03-07,16:28:53,0:00:56,Menurunkan Penumpang,,Rabu
1,2018-03-07T16:29:49.304Z,12,-7.044638333,107.5435083,24 | D1904DB,,2018-03-07T16:29:49.304Z,0,Stop,2018-03-07,16:29:49,0:03:23,Macet,Perumahan,Rabu
1,2018-03-07T16:33:12.164Z,12,-7.044638333,107.5435083,24 | D1904DB,,2018-03-07T16:33:12.164Z,0,Stop,2018-03-07,16:33:12,0:04:01,Macet,Perumahan,Rabu
1,2018-03-07T16:37:10.000Z,12,-7.044638333,107.5435083,24 | D1904DB,,2018-03-07T16:37:13.063Z,0,Stop,2018-03-07,16:37:13,0:01:34,Ngetem,Perumahan,Rabu
1,2018-03-07T16:38:47.901Z,12,-7.044638333,107.5435083,24 | D1904DB,,2018-03-07T16:38:47.901Z,0,Stop,2018-03-07,16:38:47,0:03:00,Ngetem,Perumahan,Rabu
1,2018-03-07T16:41:47.777Z,12,-7.044638333,107.5435083,24 | D1904DB,,2018-03-07T16:41:47.777Z,0,Stop,2018-03-07,16:41:47,0:03:14,Macet,Perumahan,Rabu
1,2018-03-07T16:45:01.620Z,12,-7.044638333,107.5435083,24 | D1904DB,,2018-03-07T16:45:01.620Z,0,Stop,2018-03-07,16:45:01,0:00:31,Menurunkan Penumpang,,Rabu
1,2018-03-07T16:45:30.000Z,12,-7.044638333,107.5435083,24 | D1904DB,,2018-03-07T16:45:32.640Z,0,Stop,2018-03-07,16:45:32,0:02:46,Ngetem,Perumahan,Rabu
1,2018-03-07T16:48:18.460Z,12,-7.044638333,107.5435083,24 | D1904DB,,2018-03-07T16:48:18.460Z,0,Stop,2018-03-07,16:48:18,0:03:09,Macet,Perumahan,Rabu
1,2018-03-07T16:51:27.219Z,12,-7.044638333,107.5435083,24 | D1904DB,,2018-03-07T16:51:27.219Z,0,Stop,2018-03-07,16:51:27,0:02:25,Ngetem,Perumahan,Rabu
1,2018-03-07T16:53:50.000Z,12,-7.044638333,107.5435083,24 | D1904DB,,2018-03-07T16:53:52.214Z,0,Stop,2018-03-07,16:53:52,0:00:49,Menurunkan Penumpang,,Rabu
1,2018-03-07T16:54:41.114Z,12,-7.044638333,107.5435083,24 | D1904DB,,2018-03-07T16:54:41.114Z,0,Stop,2018-03-07,16:54:41,0:03:38,Macet,Perumahan,Rabu
1,2018-03-07T16:58:19.896Z,12,-7.044638333,107.5435083,24 | D1904DB,,2018-03-07T16:58:19.896Z,0,Stop,2018-03-07,16:58:19,0:03:09,Macet,Perumahan,Rabu
1,2018-03-07T17:01:28.735Z,12,-7.044638333,107.5435083,24 | D1904DB,,2018-03-07T17:01:28.735Z,0,Stop,2018-03-07,17:01:28,0:00:43,Menurunkan Penumpang,,Rabu
1,2018-03-07T17:02:09.000Z,12,-7.044638333,107.5435083,24 | D1904DB,,2018-03-07T17:02:11.934Z,0,Stop,2018-03-07,17:02:11,0:02:19,Ngetem,Perumahan,Rabu
1,2018-03-07T17:04:30.612Z,12,-7.044638333,107.5435083,24 | D1904DB,,2018-03-07T17:04:30.612Z,0,Stop,2018-03-07,17:04:30,0:03:01,Macet,Perumahan,Rabu
1,2018-03-07T17:07:31.472Z,12,-7.044638333,107.5435083,24 | D1904DB,,2018-03-07T17:07:31.472Z,0,Stop,2018-03-07,17:07:31,0:03:00,Ngetem,Perumahan,Rabu
1,2018-03-07T17:10:29.000Z,12,-7.044638333,107.5435083,24 | D1904DB,,2018-03-07T17:10:31.371Z,0,Stop,2018-03-07,17:10:31,0:00:11,Menurunkan Penumpang,,Rabu
1,2018-03-07T17:10:42.011Z,12,-7.044638333,107.5435083,24 | D1904DB,,2018-03-07T17:10:42.011Z,0,Stop,2018-03-07,17:10:42,0:03:00,Ngetem,Perumahan,Rabu
1,2018-03-07T17:13:42.171Z,12,-7.044638333,107.5435083,24 | D1904DB,,2018-03-07T17:13:42.171Z,0,Stop,2018-03-07,17:13:42,0:03:14,Macet,Perumahan,Rabu
1,2018-03-07T17:16:56.030Z,12,-7.044638333,107.5435083,24 | D1904DB,,2018-03-07T17:16:56.030Z,0,Stop,2018-03-07,17:16:56,0:01:54,Ngetem,Perumahan,Rabu
1,2018-03-07T17:18:48.000Z,12,-7.044638333,107.5435083,24 | D1904DB,,2018-03-07T17:18:50.990Z,0,Stop,2018-03-07,17:18:50,0:01:14,Ngetem,Perumahan,Rabu
1,2018-03-07T17:20:04.925Z,12,-7.044638333,107.5435083,24 | D1904DB,,2018-03-07T17:20:04.925Z,0,Stop,2018-03-07,17:20:04,0:03:03,Macet,Perumahan,Rabu
1,2018-03-07T17:23:07.686Z,12,-7.044638333,107.5435083,24 | D1904DB,,2018-03-07T17:23:07.686Z,0,Stop,2018-03-07,17:23:07,0:03:00,Ngetem,Perumahan,Rabu
1,2018-03-07T17:26:07.546Z,12,-7.044638333,107.5435083,24 | D1904DB,,2018-03-07T17:26:07.546Z,0,Stop,2018-03-07,17:26:07,0:01:03,Ngetem,Perumahan,Rabu
1,2018-03-07T17:27:08.000Z,12,-7.044638333,107.5435083,24 | D1904DB,,2018-03-07T17:27:10.565Z,0,Stop,2018-03-07,17:27:10,0:02:05,Ngetem,Perumahan,Rabu
1,2018-03-07T17:29:15.363Z,12,-7.044638333,107.5435083,24 | D1904DB,,2018-03-07T17:29:15.363Z,0,Stop,2018-03-07,17:29:15,0:03:08,Macet,Perumahan,Rabu
1,2018-03-07T17:32:23.223Z,12,-7.044638333,107.5435083,24 | D1904DB,,2018-03-07T17:32:23.223Z,0,Stop,2018-03-07,17:32:23,0:03:07,Macet,Perumahan,Rabu
1,2018-03-07T17:35:27.000Z,12,-7.044638333,107.5435083,24 | D1904DB,,2018-03-07T17:35:30.145Z,0,Stop,2018-03-07,17:35:30,0:00:11,Menurunkan Penumpang,,Rabu
1,2018-03-07T17:35:41.164Z,12,-7.044638333,107.5435083,24 | D1904DB,,2018-03-07T17:35:41.164Z,0,Stop,2018-03-07,17:35:41,0:02:59,Ngetem,Perumahan,Rabu
1,2018-03-07T17:38:40.921Z,12,-7.044638333,107.5435083,24 | D1904DB,,2018-03-07T17:38:40.921Z,0,Stop,2018-03-07,17:38:40,0:03:11,Macet,Perumahan,Rabu
1,2018-03-07T17:41:51.780Z,12,-7.044638333,107.5435083,24 | D1904DB,,2018-03-07T17:41:51.780Z,0,Stop,2018-03-07,17:41:51,0:01:58,Ngetem,Perumahan,Rabu
1,2018-03-07T17:43:47.000Z,12,-7.044638333,107.5435083,24 | D1904DB,,2018-03-07T17:43:49.678Z,0,Stop,2018-03-07,17:43:49,0:01:40,Ngetem,Perumahan,Rabu
1,2018-03-07T17:45:29.578Z,12,-7.044638333,107.5435083,24 | D1904DB,,2018-03-07T17:45:29.578Z,0,Stop,2018-03-07,17:45:29,0:03:22,Macet,Perumahan,Rabu
1,2018-03-07T17:48:51.417Z,12,-7.044638333,107.5435083,24 | D1904DB,,2018-03-07T17:48:51.417Z,0,Stop,2018-03-07,17:48:51,0:03:18,Macet,Perumahan,Rabu
1,2018-03-07T17:52:07.000Z,12,-7.044638333,107.5435083,24 | D1904DB,,2018-03-07T17:52:09.296Z,0,Stop,2018-03-07,17:52:09,0:00:25,Menurunkan Penumpang,,Rabu
1,2018-03-07T17:52:34.219Z,12,-7.044638333,107.5435083,24 | D1904DB,,2018-03-07T17:52:34.219Z,0,Stop,2018-03-07,17:52:34,0:03:42,Macet,Perumahan,Rabu
1,2018-03-07T17:56:16.038Z,12,-7.044638333,107.5435083,24 | D1904DB,,2018-03-07T17:56:16.038Z,0,Stop,2018-03-07,17:56:16,0:15:05,Macet,Perumahan,Rabu
1,2018-03-07T18:11:19.000Z,12,-7.044638333,107.5435083,24 | D1904DB,,2018-03-07T18:11:21.594Z,0,Stop,2018-03-07,18:11:21,0:02:59,Ngetem,Perumahan,Rabu
1,2018-03-07T18:14:20.114Z,12,-7.044638333,107.5435083,24 | D1904DB,,2018-03-07T18:14:20.114Z,0,Stop,2018-03-07,18:14:20,0:03:00,Ngetem,Perumahan,Rabu
1,2018-03-07T18:17:20.492Z,12,-7.044638333,107.5435083,24 | D1904DB,,2018-03-07T18:17:20.492Z,0,Stop,2018-03-07,18:17:20,0:02:20,Ngetem,Perumahan,Rabu
1,2018-03-07T18:19:38.000Z,12,-7.044638333,107.5435083,24 | D1904DB,,2018-03-07T18:19:40.911Z,0,Stop,2018-03-07,18:19:40,0:00:57,Menurunkan Penumpang,,Rabu
1,2018-03-07T18:20:37.813Z,12,-7.044638333,107.5435083,24 | D1904DB,,2018-03-07T18:20:37.813Z,0,Stop,2018-03-07,18:20:37,0:03:00,Ngetem,Perumahan,Rabu
1,2018-03-07T18:23:37.729Z,12,-7.044638333,107.5435083,24 | D1904DB,,2018-03-07T18:23:37.729Z,0,Stop,2018-03-07,18:23:37,0:03:00,Ngetem,Perumahan,Rabu
1,2018-03-07T18:26:37.608Z,12,-7.044638333,107.5435083,24 | D1904DB,,2018-03-07T18:26:37.608Z,0,Stop,2018-03-07,18:26:37,0:01:23,Ngetem,Perumahan,Rabu
1,2018-03-07T18:27:58.000Z,12,-7.044638333,107.5435083,24 | D1904DB,,2018-03-07T18:28:00.528Z,0,Stop,2018-03-07,18:28:00,0:01:37,Ngetem,Perumahan,Rabu
1,2018-03-07T18:29:37.428Z,12,-7.044638333,107.5435083,24 | D1904DB,,2018-03-07T18:29:37.428Z,0,Stop,2018-03-07,18:29:37,0:03:00,Ngetem,Perumahan,Rabu
1,2018-03-07T18:32:37.210Z,12,-7.044638333,107.5435083,24 | D1904DB,,2018-03-07T18:32:37.210Z,0,Stop,2018-03-07,18:32:37,0:03:43,Macet,Perumahan,Rabu
1,2018-03-07T18:36:17.000Z,12,-7.044638333,107.5435083,24 | D1904DB,,2018-03-07T18:36:20.066Z,0,Stop,2018-03-07,18:36:20,0:02:21,Ngetem,Perumahan,Rabu
1,2018-03-07T18:38:41.984Z,12,-7.044638333,107.5435083,24 | D1904DB,,2018-03-07T18:38:41.984Z,0,Stop,2018-03-07,18:38:41,0:03:01,Macet,Perumahan,Rabu
1,2018-03-07T18:41:42.007Z,12,-7.044638333,107.5435083,24 | D1904DB,,2018-03-07T18:41:42.007Z,0,Stop,2018-03-07,18:41:42,0:02:57,Ngetem,Perumahan,Rabu
1,2018-03-07T18:44:37.000Z,12,-7.044638333,107.5435083,24 | D1904DB,,2018-03-07T18:44:39.666Z,0,Stop,2018-03-07,18:44:39,0:03:16,Macet,Perumahan,Rabu
1,2018-03-07T18:47:55.541Z,12,-7.044638333,107.5435083,24 | D1904DB,,2018-03-07T18:47:55.541Z,0,Stop,2018-03-07,18:47:55,0:03:00,Ngetem,Perumahan,Rabu
1,2018-03-07T18:50:55.301Z,12,-7.044638333,107.5435083,24 | D1904DB,,2018-03-07T18:50:55.301Z,0,Stop,2018-03-07,18:50:55,0:02:04,Ngetem,Perumahan,Rabu
1,2018-03-07T18:52:56.000Z,12,-7.044638333,107.5435083,24 | D1904DB,,2018-03-07T18:52:59.259Z,0,Stop,2018-03-07,18:52:59,0:00:56,Menurunkan Penumpang,,Rabu
1,2018-03-07T18:53:55.118Z,12,-7.044638333,107.5435083,24 | D1904DB,,2018-03-07T18:53:55.118Z,0,Stop,2018-03-07,18:53:55,0:02:59,Ngetem,Perumahan,Rabu
1,2018-03-07T18:56:54.961Z,12,-7.044638333,107.5435083,24 | D1904DB,,2018-03-07T18:56:54.961Z,0,Stop,2018-03-07,18:56:54,0:03:00,Ngetem,Perumahan,Rabu
1,2018-03-07T18:59:54.900Z,12,-7.044638333,107.5435083,24 | D1904DB,,2018-03-07T18:59:54.900Z,0,Stop,2018-03-07,18:59:54,0:01:24,Ngetem,Perumahan,Rabu
1,2018-03-07T19:01:16.000Z,12,-7.044638333,107.5435083,24 | D1904DB,,2018-03-07T19:01:18.919Z,0,Stop,2018-03-07,19:01:18,0:01:36,Ngetem,Perumahan,Rabu
1,2018-03-07T19:02:54.739Z,12,-7.044638333,107.5435083,24 | D1904DB,,2018-03-07T19:02:54.739Z,0,Stop,2018-03-07,19:02:54,0:03:19,Macet,Perumahan,Rabu
1,2018-03-07T19:06:13.757Z,12,-7.044638333,107.5435083,24 | D1904DB,,2018-03-07T19:06:13.757Z,0,Stop,2018-03-07,19:06:13,0:03:26,Macet,Perumahan,Rabu
1,2018-03-07T19:09:36.000Z,12,-7.044638333,107.5435083,24 | D1904DB,,2018-03-07T19:09:39.897Z,0,Stop,2018-03-07,19:09:39,0:02:59,Ngetem,Perumahan,Rabu
1,2018-03-07T19:12:38.235Z,12,-7.044638333,107.5435083,24 | D1904DB,,2018-03-07T19:12:38.235Z,0,Stop,2018-03-07,19:12:38,0:03:14,Macet,Perumahan,Rabu
1,2018-03-07T19:15:52.094Z,12,-7.044638333,107.5435083,24 | D1904DB,,2018-03-07T19:15:52.094Z,0,Stop,2018-03-07,19:15:52,0:02:06,Ngetem,Perumahan,Rabu
1,2018-03-07T19:17:56.000Z,12,-7.044638333,107.5435083,24 | D1904DB,,2018-03-07T19:17:58.975Z,0,Stop,2018-03-07,19:17:58,0:00:53,Menurunkan Penumpang,,Rabu
1,2018-03-07T19:18:51.993Z,12,-7.044638333,107.5435083,24 | D1904DB,,2018-03-07T19:18:51.993Z,0,Stop,2018-03-07,19:18:51,0:03:08,Macet,Perumahan,Rabu
1,2018-03-07T19:21:59.773Z,12,-7.044638333,107.5435083,24 | D1904DB,,2018-03-07T19:21:59.773Z,0,Stop,2018-03-07,19:21:59,0:03:00,Ngetem,Perumahan,Rabu
1,2018-03-07T19:24:59.633Z,12,-7.044638333,107.5435083,24 | D1904DB,,2018-03-07T19:24:59.633Z,0,Stop,2018-03-07,19:24:59,0:01:19,Ngetem,Perumahan,Rabu
1,2018-03-07T19:26:16.000Z,12,-7.044638333,107.5435083,24 | D1904DB,,2018-03-07T19:26:18.593Z,0,Stop,2018-03-07,19:26:18,0:02:04,Ngetem,Perumahan,Rabu
1,2018-03-07T19:28:22.449Z,12,-7.044638333,107.5435083,24 | D1904DB,,2018-03-07T19:28:22.449Z,0,Stop,2018-03-07,19:28:22,0:03:00,Ngetem,Perumahan,Rabu
1,2018-03-07T19:31:22.271Z,12,-7.044638333,107.5435083,24 | D1904DB,,2018-03-07T19:31:22.271Z,0,Stop,2018-03-07,19:31:22,0:03:16,Macet,Perumahan,Rabu
1,2018-03-07T19:34:35.000Z,12,-7.044638333,107.5435083,24 | D1904DB,,2018-03-07T19:34:38.188Z,0,Stop,2018-03-07,19:34:38,0:01:03,Ngetem,Perumahan,Rabu
1,2018-03-07T19:35:41.948Z,12,-7.044638333,107.5435083,24 | D1904DB,,2018-03-07T19:35:41.948Z,0,Stop,2018-03-07,19:35:41,0:03:00,Ngetem,Perumahan,Rabu
1,2018-03-07T19:38:41.950Z,12,-7.044638333,107.5435083,24 | D1904DB,,2018-03-07T19:38:41.950Z,0,Stop,2018-03-07,19:38:41,0:03:36,Macet,Perumahan,Rabu
1,2018-03-07T19:42:17.766Z,12,-7.044638333,107.5435083,24 | D1904DB,,2018-03-07T19:42:17.766Z,0,Stop,2018-03-07,19:42:17,0:00:40,Menurunkan Penumpang,,Rabu
1,2018-03-07T19:42:55.000Z,12,-7.044638333,107.5435083,24 | D1904DB,,2018-03-07T19:42:57.707Z,0,Stop,2018-03-07,19:42:57,0:02:20,Ngetem,Perumahan,Rabu
1,2018-03-07T19:45:17.604Z,12,-7.044638333,107.5435083,24 | D1904DB,,2018-03-07T19:45:17.604Z,0,Stop,2018-03-07,19:45:17,0:03:00,Ngetem,Perumahan,Rabu
1,2018-03-07T19:48:17.466Z,12,-7.044638333,107.5435083,24 | D1904DB,,2018-03-07T19:48:17.466Z,0,Stop,2018-03-07,19:48:17,0:03:00,Ngetem,Perumahan,Rabu
1,2018-03-07T19:51:14.000Z,12,-7.044638333,107.5435083,24 | D1904DB,,2018-03-07T19:51:17.363Z,0,Stop,2018-03-07,19:51:17,0:00:24,Menurunkan Penumpang,,Rabu
1,2018-03-07T19:51:41.984Z,12,-7.044638333,107.5435083,24 | D1904DB,,2018-03-07T19:51:41.984Z,0,Stop,2018-03-07,19:51:41,0:03:01,Ngetem,Perumahan,Rabu
1,2018-03-07T19:54:42.122Z,12,-7.044638333,107.5435083,24 | D1904DB,,2018-03-07T19:54:42.122Z,0,Stop,2018-03-07,19:54:42,0:03:38,Macet,Perumahan,Rabu
1,2018-03-07T19:58:20.941Z,12,-7.044638333,107.5435083,24 | D1904DB,,2018-03-07T19:58:20.941Z,0,Stop,2018-03-07,19:58:20,0:01:16,Ngetem,Perumahan,Rabu
1,2018-03-07T19:59:34.000Z,12,-7.044638333,107.5435083,24 | D1904DB,,2018-03-07T19:59:36.943Z,0,Stop,2018-03-07,19:59:36,0:01:44,Ngetem,Perumahan,Rabu
1,2018-03-07T20:01:20.802Z,12,-7.044638333,107.5435083,24 | D1904DB,,2018-03-07T20:01:20.802Z,0,Stop,2018-03-07,20:01:20,0:03:26,Macet,Perumahan,Rabu
1,2018-03-07T20:04:46.620Z,12,-7.044638333,107.5435083,24 | D1904DB,,2018-03-07T20:04:46.620Z,0,Stop,2018-03-07,20:04:46,0:03:00,Ngetem,Perumahan,Rabu
1,2018-03-07T20:07:46.498Z,12,-7.044638333,107.5435083,24 | D1904DB,,2018-03-07T20:07:46.498Z,0,Stop,2018-03-07,20:07:46,0:00:46,Menurunkan Penumpang,,Rabu
1,2018-03-07T20:08:29.000Z,12,-7.044638333,107.5435083,24 | D1904DB,,2018-03-07T20:08:32.358Z,0,Stop,2018-03-07,20:08:32,0:02:59,Ngetem,Perumahan,Rabu
1,2018-03-07T20:11:31.274Z,12,-7.044638333,107.5435083,24 | D1904DB,,2018-03-07T20:11:31.274Z,0,Stop,2018-03-07,20:11:31,0:03:00,Ngetem,Perumahan,Rabu
1,2018-03-07T20:14:31.136Z,12,-7.044638333,107.5435083,24 | D1904DB,,2018-03-07T20:14:31.136Z,0,Stop,2018-03-07,20:14:31,0:02:21,Ngetem,Perumahan,Rabu
1,2018-03-07T20:16:49.000Z,12,-7.044638333,107.5435083,24 | D1904DB,,2018-03-07T20:16:52.059Z,0,Stop,2018-03-07,20:16:52,0:01:47,Ngetem,Perumahan,Rabu
1,2018-03-07T20:18:39.674Z,12,-7.044638333,107.5435083,24 | D1904DB,,2018-03-07T20:18:39.674Z,0,Stop,2018-03-07,20:18:39,0:03:00,Ngetem,Perumahan,Rabu
1,2018-03-07T20:21:39.794Z,12,-7.044638333,107.5435083,24 | D1904DB,,2018-03-07T20:21:39.794Z,0,Stop,2018-03-07,20:21:39,0:03:32,Macet,Perumahan,Rabu
1,2018-03-07T20:25:09.000Z,12,-7.044638333,107.5435083,24 | D1904DB,,2018-03-07T20:25:11.653Z,0,Stop,2018-03-07,20:25:11,0:00:08,Menurunkan Penumpang,,Rabu
1,2018-03-07T20:25:19.593Z,12,-7.044638333,107.5435083,24 | D1904DB,,2018-03-07T20:25:19.593Z,0,Stop,2018-03-07,20:25:19,0:03:00,Ngetem,Perumahan,Rabu
1,2018-03-07T20:28:19.414Z,12,-7.044638333,107.5435083,24 | D1904DB,,2018-03-07T20:28:19.414Z,0,Stop,2018-03-07,20:28:19,0:03:56,Macet,Perumahan,Rabu
1,2018-03-07T20:32:15.249Z,12,-7.044638333,107.5435083,24 | D1904DB,,2018-03-07T20:32:15.249Z,0,Stop,2018-03-07,20:32:15,0:01:16,Ngetem,Perumahan,Rabu
1,2018-03-07T20:33:28.000Z,12,-7.044638333,107.5435083,24 | D1904DB,,2018-03-07T20:33:31.210Z,0,Stop,2018-03-07,20:33:31,0:05:12,Macet,Perumahan,Rabu
1,2018-03-07T20:38:43.970Z,12,-7.044638333,107.5435083,24 | D1904DB,,2018-03-07T20:38:43.970Z,0,Stop,2018-03-07,20:38:43,0:03:08,Macet,Perumahan,Rabu
1,2018-03-07T20:41:49.000Z,12,-7.044638333,107.5435083,24 | D1904DB,,2018-03-07T20:41:51.007Z,0,Stop,2018-03-07,20:41:51,0:01:03,Ngetem,Perumahan,Rabu
1,2018-03-07T20:42:54.647Z,12,-7.044638333,107.5435083,24 | D1904DB,,2018-03-07T20:42:54.647Z,0,Stop,2018-03-07,20:42:54,0:03:00,Ngetem,Perumahan,Rabu
1,2018-03-07T20:45:54.588Z,12,-7.044638333,107.5435083,24 | D1904DB,,2018-03-07T20:45:54.588Z,0,Stop,2018-03-07,20:45:54,0:03:57,Macet,Perumahan,Rabu
1,2018-03-07T20:49:51.364Z,12,-7.044638333,107.5435083,24 | D1904DB,,2018-03-07T20:49:51.364Z,0,Stop,2018-03-07,20:49:51,0:00:20,Menurunkan Penumpang,,Rabu
1,2018-03-07T20:50:08.000Z,12,-7.044638333,107.5435083,24 | D1904DB,,2018-03-07T20:50:11.307Z,0,Stop,2018-03-07,20:50:11,0:02:57,Ngetem,Perumahan,Rabu
1,2018-03-07T20:53:08.446Z,12,-7.044638333,107.5435083,24 | D1904DB,,2018-03-07T20:53:08.446Z,0,Stop,2018-03-07,20:53:08,0:03:57,Macet,Perumahan,Rabu
1,2018-03-07T20:57:05.162Z,12,-7.044638333,107.5435083,24 | D1904DB,,2018-03-07T20:57:05.162Z,0,Stop,2018-03-07,20:57:05,0:01:24,Ngetem,Perumahan,Rabu
1,2018-03-07T20:58:28.000Z,12,-7.044638333,107.5435083,24 | D1904DB,,2018-03-07T20:58:29.984Z,0,Stop,2018-03-07,20:58:29,0:01:35,Ngetem,Perumahan,Rabu
1,2018-03-07T21:00:04.882Z,12,-7.044638333,107.5435083,24 | D1904DB,,2018-03-07T21:00:04.882Z,0,Stop,2018-03-07,21:00:04,0:03:00,Ngetem,Perumahan,Rabu
1,2018-03-07T21:03:04.702Z,12,-7.044638333,107.5435083,24 | D1904DB,,2018-03-07T21:03:04.702Z,0,Stop,2018-03-07,21:03:04,0:03:00,Ngetem,Perumahan,Rabu
1,2018-03-07T21:06:04.582Z,12,-7.044638333,107.5435083,24 | D1904DB,,2018-03-07T21:06:04.582Z,0,Stop,2018-03-07,21:06:04,0:00:45,Menurunkan Penumpang,,Rabu
1,2018-03-07T21:06:47.000Z,12,-7.044638333,107.5435083,24 | D1904DB,,2018-03-07T21:06:49.599Z,0,Stop,2018-03-07,21:06:49,0:02:15,Ngetem,Perumahan,Rabu
1,2018-03-07T21:09:04.418Z,12,-7.044638333,107.5435083,24 | D1904DB,,2018-03-07T21:09:04.418Z,0,Stop,2018-03-07,21:09:04,0:03:00,Ngetem,Perumahan,Rabu
1,2018-03-07T21:12:04.377Z,12,-7.044638333,107.5435083,24 | D1904DB,,2018-03-07T21:12:04.377Z,0,Stop,2018-03-07,21:12:04,0:03:05,Macet,Perumahan,Rabu
1,2018-03-07T21:15:07.000Z,12,-7.044638333,107.5435083,24 | D1904DB,,2018-03-07T21:15:09.158Z,0,Stop,2018-03-07,21:15:09,0:02:55,Ngetem,Perumahan,Rabu
1,2018-03-07T21:18:04.076Z,12,-7.044638333,107.5435083,24 | D1904DB,,2018-03-07T21:18:04.076Z,0,Stop,2018-03-07,21:18:04,0:03:00,Ngetem,Perumahan,Rabu
1,2018-03-07T21:21:04.819Z,12,-7.044638333,107.5435083,24 | D1904DB,,2018-03-07T21:21:04.819Z,0,Stop,2018-03-07,21:21:04,0:02:24,Ngetem,Perumahan,Rabu
1,2018-03-07T21:23:27.000Z,12,-7.044638333,107.5435083,24 | D1904DB,,2018-03-07T21:23:28.913Z,0,Stop,2018-03-07,21:23:28,0:00:36,Menurunkan Penumpang,,Rabu
1,2018-03-07T21:24:04.775Z,12,-7.044638333,107.5435083,24 | D1904DB,,2018-03-07T21:24:04.775Z,0,Stop,2018-03-07,21:24:04,0:03:00,Ngetem,Perumahan,Rabu
1,2018-03-07T21:27:04.516Z,12,-7.044638333,107.5435083,24 | D1904DB,,2018-03-07T21:27:04.516Z,0,Stop,2018-03-07,21:27:04,0:03:00,Ngetem,Perumahan,Rabu
1,2018-03-07T21:30:04.371Z,12,-7.044638333,107.5435083,24 | D1904DB,,2018-03-07T21:30:04.371Z,0,Stop,2018-03-07,21:30:04,0:01:44,Ngetem,Perumahan,Rabu
1,2018-03-07T21:31:46.000Z,12,-7.044638333,107.5435083,24 | D1904DB,,2018-03-07T21:31:48.333Z,0,Stop,2018-03-07,21:31:48,0:01:16,Ngetem,Perumahan,Rabu
1,2018-03-07T21:33:04.353Z,12,-7.044638333,107.5435083,24 | D1904DB,,2018-03-07T21:33:04.353Z,0,Stop,2018-03-07,21:33:04,0:03:01,Ngetem,Perumahan,Rabu
1,2018-03-07T21:36:05.071Z,12,-7.044638333,107.5435083,24 | D1904DB,,2018-03-07T21:36:05.071Z,0,Stop,2018-03-07,21:36:05,0:02:59,Ngetem,Perumahan,Rabu
1,2018-03-07T21:39:04.992Z,12,-7.044638333,107.5435083,24 | D1904DB,,2018-03-07T21:39:04.992Z,0,Stop,2018-03-07,21:39:04,0:01:03,Ngetem,Perumahan,Rabu
1,2018-03-07T21:40:06.000Z,12,-7.044638333,107.5435083,24 | D1904DB,,2018-03-07T21:40:07.909Z,0,Stop,2018-03-07,21:40:07,0:01:57,Ngetem,Perumahan,Rabu
1,2018-03-07T21:42:04.769Z,12,-7.044638333,107.5435083,24 | D1904DB,,2018-03-07T21:42:04.769Z,0,Stop,2018-03-07,21:42:04,0:03:00,Ngetem,Perumahan,Rabu
1,2018-03-07T21:45:04.630Z,12,-7.044638333,107.5435083,24 | D1904DB,,2018-03-07T21:45:04.630Z,0,Stop,2018-03-07,21:45:04,0:03:00,Ngetem,Perumahan,Rabu
1,2018-03-07T21:48:04.570Z,12,-7.044638333,107.5435083,24 | D1904DB,,2018-03-07T21:48:04.570Z,0,Stop,2018-03-07,21:48:04,0:00:23,Menurunkan Penumpang,,Rabu
1,2018-03-07T21:48:25.000Z,12,-7.044638333,107.5435083,24 | D1904DB,,2018-03-07T21:48:27.627Z,0,Stop,2018-03-07,21:48:27,0:02:37,Ngetem,Perumahan,Rabu
1,2018-03-07T21:51:04.347Z,12,-7.044638333,107.5435083,24 | D1904DB,,2018-03-07T21:51:04.347Z,0,Stop,2018-03-07,21:51:04,0:03:00,Ngetem,Perumahan,Rabu
1,2018-03-07T21:54:04.186Z,12,-7.044638333,107.5435083,24 | D1904DB,,2018-03-07T21:54:04.186Z,0,Stop,2018-03-07,21:54:04,0:02:43,Ngetem,Perumahan,Rabu
1,2018-03-07T21:56:45.000Z,12,-7.044638333,107.5435083,24 | D1904DB,,2018-03-07T21:56:47.106Z,0,Stop,2018-03-07,21:56:47,0:00:17,Menurunkan Penumpang,,Rabu
1,2018-03-07T21:57:04.147Z,12,-7.044638333,107.5435083,24 | D1904DB,,2018-03-07T21:57:04.147Z,0,Stop,2018-03-07,21:57:04,###############################################################################################################################################################################################################################################################,Menurunkan Penumpang,"Bus Stop, Restaurant, Toko",Rabu
